Dataset,Epochs,Batch Size,D_Model,D_Type,Learning Rate,Train loss,Val Loss,Test Loss,Val RMSE,Test RMSE,Last Val RMSE,Last Test RMSE,LengthScale,Alpha,l,s,Softmax,Time2Vec,
sin_hawkes,250,40,64,32,0.001,2.714071989,2.778758764,2.786567926,5.338011742,4.762263775,4.699632645,4.710130215,0.467789948,1,0.260150284,0.495131195,FALSE,FALSE,1
sin_hawkes,250,40,64,32,0.001,2.757122517,2.777334452,2.791012526,5.453838825,4.802154541,4.726388454,4.735505104,0.899104297,1,0.652742445,0.037287477,FALSE,TRUE,1
sin_hawkes,250,40,128,32,0.001,2.757122517,2.777334452,2.791012526,5.453838825,4.802154541,4.726388454,4.735505104,1.008,1,1.62,0.9,FALSE,TRUE,1
sin_hawkes,250,40,128,32,NA,NA,NA,NA,NA,NA,NA,4.735505104,1.6,1,0.12,0.52,TRUE,FALSE,1
sin_hawkes,250,40,128,32,NA,NA,NA,NA,NA,NA,NA,NA,3.47,1,0.37,0.001,TRUE,TRUE,
power_hawkes,250,40,128,32,NA,NA,NA,NA,NA,NA,NA,NA,0.13,1,1.26,0.37,FALSE,FALSE,
power_hawkes,250,40,128,32,NA,NA,NA,NA,NA,NA,NA,NA,3.83,1,0.66,0.04,FALSE,TRUE,
power_hawkes,250,40,128,32,0.001,2.86185622215271,3.0780317783355713,3.127822160720825,6.881007194519043,6.3245720863342285,5.607498645782471,5.840615272521973,0.9892435073852539,1,0.0936821773648262,0.46517413854599,True,False,1
sin_hawkes,250,40,128,32,0.001,2.7088654041290283,2.7823801040649414,2.790079116821289,5.391303062438965,4.821315288543701,4.73225736618042,4.74152135848999,0.3943280279636383,1,0.852403461933136,1,False,False,1
sin_hawkes,250,40,128,32,0.001,2.646427631378174,2.8637969493865967,2.8790552616119385,5.439642429351807,4.735687732696533,4.773251056671143,4.770186901092529,2.3824150562286377,1,0.29742076992988586,1,True,False,1
power_hawkes,250,40,128,32,0.001,2.922739028930664,2.956458330154419,3.0202198028564453,6.851738929748535,6.624049663543701,5.592869281768799,5.820375919342041,0.4065604507923126,1,1.3891929388046265,1,False,False,1
sin_hawkes,5,40,128,32,0.0001,2.7662463188171387,2.785698890686035,2.7998170852661133,5.475194454193115,4.797159671783447,4.753077030181885,4.7595367431640625,0.18418315052986145,1,1.2008256912231445,1,True,False,1
sin_hawkes,5,40,128,32,0.0001,2.7662463188171387,2.785698890686035,2.7998170852661133,5.475194454193115,4.797159671783447,4.753077030181885,4.7595367431640625,0.18418315052986145,1,1.2008256912231445,1,True,False,1
sin_hawkes,250,40,128,32,0.001,2.7085413932800293,2.7836833000183105,2.792046546936035,5.372743606567383,4.811521053314209,4.728078842163086,4.739683628082275,0.36527568101882935,1,0.5167666673660278,1,False,False,1
sin_hawkes,250,40,128,32,0.001,2.761737108230591,2.7816925048828125,2.795172691345215,5.497197151184082,4.837716102600098,4.766888618469238,4.7748613357543945,0.9391422867774963,1,1.5964934825897217,1,False,True,1
sin_hawkes,250,40,128,32,0.001,2.7085413932800293,2.7836833000183105,2.792046546936035,5.372743606567383,4.811521053314209,4.728078842163086,4.739683628082275,0.36527568101882935,1,0.5167666673660278,1,False,False,1
sin_hawkes,250,40,128,32,0.001,2.761737108230591,2.7816925048828125,2.795172691345215,5.497197151184082,4.837716102600098,4.766888618469238,4.7748613357543945,0.9391422867774963,1,1.5964934825897217,1,False,True,1
sin_hawkes,250,40,128,32,0.001,2.7085413932800293,2.7836833000183105,2.792046546936035,5.372743606567383,4.811521053314209,4.728078842163086,4.739683628082275,0.36527568101882935,1,0.5167666673660278,1,False,False,1
sin_hawkes,250,40,128,32,0.001,2.761737108230591,2.7816925048828125,2.795172691345215,5.497197151184082,4.837716102600098,4.766888618469238,4.7748613357543945,0.9391422867774963,1,1.5964934825897217,1,False,True,1
sin_hawkes,250,40,128,32,0.001,2.6469807624816895,2.865186929702759,2.8725619316101074,5.442562580108643,4.77285623550415,4.764393329620361,4.757381916046143,1.4910043478012085,1,0.03813328593969345,1,True,False,1
sin_hawkes,250,40,128,32,0.001,2.763113498687744,2.785494089126587,2.7953529357910156,5.572684288024902,4.915519714355469,4.77109432220459,4.7799577713012695,3.791832208633423,1,0.0020422833040356636,1,True,True,1
sin_hawkes,250,40,128,32,0.001,2.6469807624816895,2.865186929702759,2.8725619316101074,5.442562580108643,4.77285623550415,4.764393329620361,4.757381916046143,1.4910043478012085,1,0.03813328593969345,1,True,False,1
sin_hawkes,250,40,128,32,0.001,2.763113498687744,2.785494089126587,2.7953529357910156,5.572684288024902,4.915519714355469,4.77109432220459,4.7799577713012695,3.791832208633423,1,0.0020422833040356636,1,True,True,1
sin_hawkes,250,40,128,32,0.001,2.6469807624816895,2.865186929702759,2.8725619316101074,5.442562580108643,4.77285623550415,4.764393329620361,4.757381916046143,1.4910043478012085,1,0.03813328593969345,1,True,False,1
sin_hawkes,250,40,128,32,0.001,2.763113498687744,2.785494089126587,2.7953529357910156,5.572684288024902,4.915519714355469,4.77109432220459,4.7799577713012695,3.791832208633423,1,0.0020422833040356636,1,True,True,1
power_hawkes,250,40,128,32,0.001,2.9227349758148193,2.961421489715576,3.026012659072876,6.8875203132629395,6.649613857269287,5.607317924499512,5.838784217834473,0.40749603509902954,1,1.2096258401870728,1,False,False,1
power_hawkes,250,40,128,32,0.001,3.0218682289123535,2.972630023956299,3.0420992374420166,7.093277454376221,6.768317222595215,5.707846164703369,5.933890342712402,3.860734701156616,1,1.8365633487701416,1,False,True,1
power_hawkes,250,40,128,32,0.001,2.9227349758148193,2.961421489715576,3.026012659072876,6.8875203132629395,6.649613857269287,5.607317924499512,5.838784217834473,0.40749603509902954,1,1.2096258401870728,1,False,False,1
power_hawkes,250,40,128,32,0.001,3.0218682289123535,2.972630023956299,3.0420992374420166,7.093277454376221,6.768317222595215,5.707846164703369,5.933890342712402,3.860734701156616,1,1.8365633487701416,1,False,True,1
power_hawkes,250,40,128,32,0.001,2.9227349758148193,2.961421489715576,3.026012659072876,6.8875203132629395,6.649613857269287,5.607317924499512,5.838784217834473,0.40749603509902954,1,1.2096258401870728,1,False,False,1
power_hawkes,250,40,128,32,0.001,3.0218682289123535,2.972630023956299,3.0420992374420166,7.093277454376221,6.768317222595215,5.707846164703369,5.933890342712402,3.860734701156616,1,1.8365633487701416,1,False,True,1
power_hawkes,250,40,128,32,0.001,2.8589260578155518,3.0772950649261475,3.130161762237549,6.918035984039307,6.354739665985107,5.623267650604248,5.838960647583008,0.9490588903427124,1,0.03127698600292206,1,True,False,1
power_hawkes,250,40,128,32,0.001,3.0192723274230957,2.9702162742614746,3.037086248397827,7.10404109954834,6.785163402557373,5.699769020080566,5.924183368682861,4.608460903167725,1,0.03948325291275978,1,True,True,1
power_hawkes,250,40,128,32,0.001,2.8589260578155518,3.0772950649261475,3.130161762237549,6.918035984039307,6.354739665985107,5.623267650604248,5.838960647583008,0.9490588903427124,1,0.03127698600292206,1,True,False,1
power_hawkes,250,40,128,32,0.001,3.0192723274230957,2.9702162742614746,3.037086248397827,7.10404109954834,6.785163402557373,5.699769020080566,5.924183368682861,4.608460903167725,1,0.03948325291275978,1,True,True,1
power_hawkes,250,40,128,32,0.001,2.8589260578155518,3.0772950649261475,3.130161762237549,6.918035984039307,6.354739665985107,5.623267650604248,5.838960647583008,0.9490588903427124,1,0.03127698600292206,1,True,False,1
power_hawkes,250,40,128,32,0.001,3.0192723274230957,2.9702162742614746,3.037086248397827,7.10404109954834,6.785163402557373,5.699769020080566,5.924183368682861,4.608460903167725,1,0.03948325291275978,1,True,True,1
sin_hawkes,100,40,128,32,0.001,2.724458694458008,2.779376268386841,2.7868733406066895,5.356762409210205,4.753805637359619,4.693301677703857,4.69846248626709,0.22138091921806335,1,1.211199402809143,1,False,False,1
sin_hawkes,100,40,128,32,0.001,2.762483596801758,2.78224515914917,2.7948079109191895,5.525645732879639,4.873227596282959,4.749145984649658,4.756891250610352,0.7726538777351379,1,2.592843770980835,1,False,True,1
power_hawkes,100,40,128,32,0.001,2.943108320236206,2.9471218585968018,3.0090224742889404,6.839835166931152,6.62920618057251,5.581961631774902,5.809533596038818,0.22138091921806335,1,1.211199402809143,1,False,False,1
sin_hawkes,10,1,128,32,0.001,2.751950740814209,2.7755846977233887,2.785433053970337,5.426041603088379,4.777760982513428,4.726814270019531,4.7321858406066895,0.22138091921806335,1,1.211199402809143,1,False,False,1
power_hawkes,10,1,128,32,0.001,2.9780848026275635,2.936204195022583,3.0049960613250732,6.987486362457275,6.713292598724365,5.657190799713135,5.886500835418701,0.22138091921806335,1,1.211199402809143,1,False,False,1
sin_hawkes,10,1,128,32,0.005,2.7545859813690186,2.7736473083496094,2.7846803665161133,5.434686183929443,4.79150915145874,4.742953777313232,4.749349117279053,0.22138091921806335,1,1.211199402809143,1,False,False,1
sin_hawkes,10,1,128,32,0.001,2.750903606414795,2.776376247406006,2.7846786975860596,5.405679702758789,4.764699459075928,4.724093914031982,4.728541851043701,0.22138091921806335,1,1.211199402809143,1,False,False,1
power_hawkes,10,1,128,32,0.001,2.9718306064605713,2.934222459793091,2.9999475479125977,6.971372604370117,6.686505317687988,5.656319618225098,5.881796360015869,0.22138091921806335,1,1.211199402809143,1,False,False,1
sin_hawkes,10,1,128,32,0.001,2.742825508117676,2.7679126262664795,2.7739503383636475,5.42572546005249,4.766313552856445,4.720122337341309,4.727261543273926,0.22138091921806335,1,1.211199402809143,1,False,False,1
power_hawkes,10,1,128,32,0.001,2.9713046550750732,2.9360783100128174,3.000983476638794,6.98937463760376,6.707977771759033,5.668288230895996,5.8954176902771,0.22138091921806335,1,1.211199402809143,1,False,False,1
sin_hawkes,10,1,128,32,0.0001,2.7542808055877686,2.7796638011932373,2.789888858795166,5.426639556884766,4.773269176483154,4.737023830413818,4.743813991546631,0.22138091921806335,1,1.211199402809143,1,False,False,1
power_hawkes,10,1,128,32,0.0001,2.9878621101379395,2.9466917514801025,3.0164437294006348,7.074845314025879,6.788551330566406,5.6943583488464355,5.925097942352295,0.22138091921806335,1,1.211199402809143,1,False,False,1
sin_hawkes,10,1,128,32,0.001,2.750903606414795,2.776376247406006,2.7846786975860596,5.405679702758789,4.764699459075928,4.724093914031982,4.728541851043701,0.22138091921806335,1,1.211199402809143,1,False,False,1
power_hawkes,10,1,128,32,0.001,2.9718306064605713,2.934222459793091,2.9999475479125977,6.971372604370117,6.686505317687988,5.656319618225098,5.881796360015869,0.22138091921806335,1,1.211199402809143,1,False,False,1
sin_hawkes,20,1,128,32,0.001,2.747021198272705,2.775590658187866,2.7868618965148926,5.383139133453369,4.755701541900635,4.714416027069092,4.722233772277832,0.22138091921806335,1,1.211199402809143,1,False,False,1
power_hawkes,20,1,128,32,0.001,2.96468186378479,2.9346940517425537,3.001563549041748,6.8830437660217285,6.62438440322876,5.608360290527344,5.833970069885254,0.22138091921806335,1,1.211199402809143,1,False,False,1
power_hawkes,20,1,128,32,0.001,3.0250625610351562,2.9779012203216553,3.04642391204834,7.044519424438477,6.716062545776367,5.699679374694824,5.925535678863525,0.7726538777351379,1,2.592843770980835,1,False,True,1
power_hawkes,20,1,128,32,0.001,3.0233771800994873,2.974745035171509,3.0436999797821045,7.064004898071289,6.7380194664001465,5.689472675323486,5.914648056030273,0.7726538777351379,1,2.592843770980835,1,True,True,1
sin_hawkes,20,1,128,32,0.0001,2.7656502723693848,2.785280466079712,2.796178102493286,5.4803619384765625,4.819038391113281,4.749831676483154,4.757772445678711,0.7726538777351379,1,2.592843770980835,1,True,True,1
sin_hawkes_2,10,1,128,32,0.001,3.733114242553711,3.6092143058776855,3.697445869445801,16.320816040039062,14.026711463928223,9.144991874694824,9.34739875793457,0.22138091921806335,1,1.211199402809143,1,False,False,1
sin_hawkes_2,10,40,128,32,0.001,3.992185354232788,3.832798719406128,3.9286327362060547,16.927499771118164,14.598074913024902,9.503340721130371,9.70198917388916,0.7726538777351379,1,2.592843770980835,1,False,True,1
power_hawkes,10,1,128,32,0.001,2.9929609298706055,2.959453582763672,3.026329517364502,7.071525573730469,6.7291975021362305,5.71342658996582,5.937619686126709,0.22138091921806335,1,1.211199402809143,1,False,False,1
power_hawkes,10,40,128,32,0.001,3.026202917098999,2.9770140647888184,3.045217275619507,7.080867290496826,6.747829437255859,5.714197635650635,5.93962287902832,0.7726538777351379,1,2.592843770980835,1,False,True,1
sin_hawkes_2,10,1,128,32,0.001,3.758481979370117,3.6285274028778076,3.7191162109375,16.41879653930664,14.090078353881836,9.140775680541992,9.339695930480957,0.22138091921806335,1,1.211199402809143,1,True,False,1
sin_hawkes_2,10,40,128,32,0.001,3.9759883880615234,3.8187010288238525,3.920161247253418,16.911996841430664,14.570701599121094,9.472514152526855,9.675148963928223,0.7726538777351379,1,2.592843770980835,1,True,True,1
power_hawkes,10,1,128,32,0.001,2.992175340652466,2.9641897678375244,3.03226637840271,7.1638641357421875,6.828026294708252,5.725465774536133,5.9562153816223145,0.22138091921806335,1,1.211199402809143,1,True,False,1
power_hawkes,10,40,128,32,0.001,3.02349591255188,2.97414231300354,3.0426442623138428,7.077947616577148,6.749824047088623,5.700512886047363,5.925034046173096,0.7726538777351379,1,2.592843770980835,1,True,True,1
sin_hawkes_2,10,1,128,32,0.001,3.6939501762390137,3.564429521560669,3.6581592559814453,16.227766036987305,13.881426811218262,9.062259674072266,9.255456924438477,0.22138091921806335,1,1.211199402809143,1,False,False,1
sin_hawkes_2,10,40,128,32,0.001,3.9968361854553223,3.8382959365844727,3.9333717823028564,16.91549301147461,14.587679862976074,9.517777442932129,9.715679168701172,0.7726538777351379,1,2.592843770980835,1,False,True,1
power_hawkes,10,1,128,32,0.001,2.975466012954712,2.9404563903808594,3.006471633911133,6.991202354431152,6.69472074508667,5.668968677520752,5.8946051597595215,0.22138091921806335,1,1.211199402809143,1,False,False,1
power_hawkes,10,40,128,32,0.001,3.0277607440948486,2.9786038398742676,3.0465359687805176,7.077123641967773,6.745246410369873,5.718023777008057,5.94354772567749,0.7726538777351379,1,2.592843770980835,1,False,True,1
sin_hawkes_2,10,1,128,32,0.001,3.7264108657836914,3.602116584777832,3.6938445568084717,16.237804412841797,13.8878755569458,9.071764945983887,9.269105911254883,0.22138091921806335,1,1.211199402809143,1,True,False,1
sin_hawkes_2,10,40,128,32,0.001,3.978607654571533,3.8221113681793213,3.9210422039031982,16.899194717407227,14.561992645263672,9.475787162780762,9.677666664123535,0.7726538777351379,1,2.592843770980835,1,True,True,1
power_hawkes,10,1,128,32,0.001,2.9726648330688477,2.9426913261413574,3.0086722373962402,6.998969554901123,6.691816806793213,5.658536434173584,5.889450550079346,0.22138091921806335,1,1.211199402809143,1,True,False,1
power_hawkes,10,40,128,32,0.001,3.0225107669830322,2.9734225273132324,3.0413427352905273,7.07669734954834,6.750882148742676,5.700404167175293,5.92494535446167,0.7726538777351379,1,2.592843770980835,1,True,True,1
sin_hawkes_2,10,1,128,32,0.001,3.733114242553711,3.6092143058776855,3.697445869445801,16.320816040039062,14.026711463928223,9.144991874694824,9.34739875793457,0.22138091921806335,1,1.211199402809143,1,False,False,1
sin_hawkes_2,10,1,128,32,0.001,79.63531494140625,74.90198516845703,77.67469787597656,15.228630065917969,12.876769065856934,8.654593467712402,8.813326835632324,0.22138091921806335,1,1.211199402809143,1,False,False,1
sin_hawkes_2,10,1,128,32,0.001,81.3593978881836,76.54671478271484,79.80247497558594,15.292099952697754,13.048835754394531,8.749099731445312,8.933222770690918,0.22138091921806335,1,1.211199402809143,1,False,False,1
power_hawkes,50,20,32,32,0.001,0.7516726851463318,1.757535696029663,1.7668812274932861,7.232341766357422,6.895519733428955,5.926010608673096,6.150269508361816,0.890344500541687,1,0.5959216952323914,1,False,False,1
power_hawkes,50,20,128,32,0.001,0.5835980772972107,1.570171594619751,1.5909208059310913,7.232341766357422,6.895519733428955,5.926010608673096,6.150269508361816,0.22138091921806335,1,1.211199402809143,1,False,False,1
power_hawkes,50,20,32,32,0.001,0.7374764084815979,1.7245891094207764,1.7333476543426514,7.232341766357422,6.895519733428955,5.926010608673096,6.150269508361816,0.890344500541687,1,0.5959216952323914,1,False,False,1
power_hawkes,50,20,32,32,0.001,0.7907442450523376,0.9580615758895874,0.8563764691352844,3.3253073692321777,4.592126846313477,5.564240455627441,5.595219135284424,0.890344500541687,1,0.5959216952323914,1,False,False,1
power_hawkes,50,20,64,32,0.001,0.55733323097229,0.8073068261146545,0.6852125525474548,3.3253073692321777,4.592126846313477,5.564240455627441,5.595219135284424,0.2889598309993744,1,0.2807292342185974,1,False,False,1
power_hawkes,50,20,128,32,0.001,0.5762882828712463,0.726591944694519,0.5835675001144409,3.3253073692321777,4.592126846313477,5.564240455627441,5.595219135284424,0.22138091921806335,1,1.211199402809143,1,False,False,1
power_hawkes,50,20,32,32,0.001,1.249765157699585,1.3765298128128052,1.3226114511489868,3.3253073692321777,4.592126846313477,5.564240455627441,5.595219135284424,0.22138091921806335,1,1.211199402809143,1,False,True,1
power_hawkes,50,20,64,32,0.001,1.2769339084625244,1.3401191234588623,1.2858531475067139,3.3253073692321777,4.592126846313477,5.564240455627441,5.595219135284424,1.2523623704910278,1,0.4833008944988251,1,False,True,1
power_hawkes,50,20,128,32,0.001,1.0852574110031128,1.2301992177963257,1.131009817123413,3.3253073692321777,4.592126846313477,5.564240455627441,5.595219135284424,0.7726538777351379,1,2.592843770980835,1,False,True,1
power_hawkes,50,20,32,32,0.001,0.7367808818817139,0.9053993225097656,0.8054587244987488,3.3253073692321777,4.592126846313477,5.564240455627441,5.595219135284424,0.890344500541687,1,0.5959216952323914,1,False,False,1
power_hawkes,50,20,64,32,0.001,0.47773295640945435,0.7274254560470581,0.6037861704826355,3.3253073692321777,4.592126846313477,5.564240455627441,5.595219135284424,0.2889598309993744,1,0.2807292342185974,1,False,False,1
power_hawkes,50,20,128,32,0.001,0.5482182502746582,0.7284996509552002,0.5739670991897583,3.3253073692321777,4.592126846313477,5.564240455627441,5.595219135284424,0.22138091921806335,1,1.211199402809143,1,False,False,1
power_hawkes,50,20,32,32,0.001,1.2569276094436646,1.381834626197815,1.3291984796524048,3.3253073692321777,4.592126846313477,5.564240455627441,5.595219135284424,0.22138091921806335,1,1.211199402809143,1,False,True,1
power_hawkes,50,20,128,32,0.001,1.1042108535766602,1.2476595640182495,1.1530733108520508,3.3253073692321777,4.592126846313477,5.564240455627441,5.595219135284424,0.7726538777351379,1,2.592843770980835,1,False,True,1
power_hawkes,50,32,128,32,0.001,0.466772198677063,0.037357915192842484,0.9028039574623108,4.51595401763916,3.5153284072875977,5.402067184448242,5.63906717300415,0.22138091921806335,1,1.211199402809143,1,False,False,1
power_hawkes,50,32,128,32,0.001,1.1150366067886353,0.5637233853340149,1.4647321701049805,4.51595401763916,3.5153284072875977,5.402067184448242,5.63906717300415,0.7726538777351379,1,2.592843770980835,1,False,True,1
power_hawkes,50,32,128,32,0.001,0.7987672686576843,0.42659035325050354,1.2946704626083374,4.51595401763916,3.5153284072875977,5.402067184448242,5.63906717300415,0.22138091921806335,1,1.211199402809143,1,True,False,1
power_hawkes,50,32,128,32,0.001,1.3655962944030762,0.972545325756073,1.610568642616272,4.51595401763916,3.5153284072875977,5.402067184448242,5.63906717300415,0.7726538777351379,1,2.592843770980835,1,True,True,1
power_hawkes,50,32,128,32,0.001,0.5053916573524475,0.06381410360336304,0.9544795751571655,4.51595401763916,3.5153284072875977,5.402067184448242,5.63906717300415,0.22138091921806335,1,1.211199402809143,1,False,False,1
power_hawkes,50,32,128,32,0.001,1.104801058769226,0.5529198050498962,1.457634449005127,4.51595401763916,3.5153284072875977,5.402067184448242,5.63906717300415,0.7726538777351379,1,2.592843770980835,1,False,True,1
power_hawkes,50,32,128,32,0.001,0.42028793692588806,0.09925113618373871,0.9803043007850647,4.51595401763916,3.5153284072875977,5.402067184448242,5.63906717300415,0.22138091921806335,1,1.211199402809143,1,True,False,1
power_hawkes,50,32,128,32,0.001,1.3289729356765747,0.8943950533866882,1.5952303409576416,4.51595401763916,3.5153284072875977,5.402067184448242,5.63906717300415,0.7726538777351379,1,2.592843770980835,1,True,True,1
sin_hawkes,50,32,128,32,0.001,1.1504918336868286,1.1681820154190063,1.1665678024291992,4.45297908782959,3.734077215194702,4.967551231384277,4.822463035583496,0.22138091921806335,1,1.211199402809143,1,False,False,1
sin_hawkes,50,32,128,32,0.001,1.660227656364441,1.725327730178833,1.7262349128723145,4.45297908782959,3.734077215194702,4.967551231384277,4.822463035583496,0.7726538777351379,1,2.592843770980835,1,False,True,1
sin_hawkes,50,32,128,32,0.001,1.052340030670166,1.1953372955322266,1.189016342163086,4.45297908782959,3.734077215194702,4.967551231384277,4.822463035583496,0.22138091921806335,1,1.211199402809143,1,True,False,1
sin_hawkes,50,32,128,32,0.001,1.8317275047302246,1.8905436992645264,1.8774113655090332,4.45297908782959,3.734077215194702,4.967551231384277,4.822463035583496,0.7726538777351379,1,2.592843770980835,1,True,True,1
sin_hawkes,50,32,128,32,0.001,0.9822807908058167,1.0073132514953613,1.0174081325531006,4.45297908782959,3.734077215194702,4.967551231384277,4.822463035583496,0.22138091921806335,1,1.211199402809143,1,False,False,1
sin_hawkes,50,32,128,32,0.001,1.6804192066192627,1.746334433555603,1.7464179992675781,4.45297908782959,3.734077215194702,4.967551231384277,4.822463035583496,0.7726538777351379,1,2.592843770980835,1,False,True,1
sin_hawkes,50,32,128,32,0.001,1.3825788497924805,1.4675525426864624,1.4674445390701294,4.45297908782959,3.734077215194702,4.967551231384277,4.822463035583496,0.22138091921806335,1,1.211199402809143,1,True,False,1
sin_hawkes,50,32,128,32,0.001,1.8232916593551636,1.8854836225509644,1.873489499092102,4.45297908782959,3.734077215194702,4.967551231384277,4.822463035583496,0.7726538777351379,1,2.592843770980835,1,True,True,1
sin_hawkes_2,50,32,128,32,0.001,0.3394993245601654,0.9685850739479065,0.4364832937717438,6.012214660644531,8.34703254699707,8.531846046447754,9.725510597229004,0.22138091921806335,1,1.211199402809143,1,False,False,1
sin_hawkes_2,50,32,128,32,0.001,0.451194167137146,1.0504753589630127,0.5196604132652283,6.012214660644531,8.34703254699707,8.531846046447754,9.725510597229004,0.7726538777351379,1,2.592843770980835,1,False,True,1
sin_hawkes_2,50,32,128,32,0.001,-0.07834187150001526,0.7640421390533447,0.3118395209312439,6.012214660644531,8.34703254699707,8.531846046447754,9.725510597229004,0.22138091921806335,1,1.211199402809143,1,True,False,1
sin_hawkes_2,50,32,128,32,0.001,0.8055520057678223,1.2528103590011597,0.8483144640922546,6.012214660644531,8.34703254699707,8.531846046447754,9.725510597229004,0.7726538777351379,1,2.592843770980835,1,True,True,1
sin_hawkes_2,50,32,128,32,0.001,0.14580731093883514,0.8716094493865967,0.3555576801300049,6.012214660644531,8.34703254699707,8.531846046447754,9.725510597229004,0.22138091921806335,1,1.211199402809143,1,False,False,1
sin_hawkes_2,50,32,128,32,0.001,0.6579328179359436,1.1715220212936401,0.7087748646736145,6.012214660644531,8.34703254699707,8.531846046447754,9.725510597229004,0.7726538777351379,1,2.592843770980835,1,False,True,1
sin_hawkes_2,50,32,128,32,0.001,0.22545048594474792,1.0061664581298828,0.5648068785667419,6.012214660644531,8.34703254699707,8.531846046447754,9.725510597229004,0.22138091921806335,1,1.211199402809143,1,True,False,1
sin_hawkes_2,50,32,128,32,0.001,0.8951518535614014,1.297864556312561,0.9340221285820007,6.012214660644531,8.34703254699707,8.531846046447754,9.725510597229004,0.7726538777351379,1,2.592843770980835,1,True,True,1
sin_hawkes_2,50,32,128,32,0.001,0.24372747540473938,0.9327291250228882,0.4317757487297058,6.012214660644531,8.34703254699707,8.531846046447754,9.725510597229004,0.22138091921806335,1,1.211199402809143,1,False,False,1
sin_hawkes_2,50,32,128,32,0.001,0.687949538230896,1.1895214319229126,0.7351835370063782,6.012214660644531,8.34703254699707,8.531846046447754,9.725510597229004,0.7726538777351379,1,2.592843770980835,1,False,True,1
sin_hawkes_2,50,32,128,32,0.001,0.22186480462551117,1.018620252609253,0.5512943267822266,6.012214660644531,8.34703254699707,8.531846046447754,9.725510597229004,0.22138091921806335,1,1.211199402809143,1,True,False,1
sin_hawkes_2,50,32,128,32,0.001,0.900165855884552,1.3025639057159424,0.9350906014442444,6.012214660644531,8.34703254699707,8.531846046447754,9.725510597229004,0.7726538777351379,1,2.592843770980835,1,True,True,1
sin_hawkes,50,32,128,32,0.001,0.9998481273651123,1.0238436460494995,1.0332590341567993,4.45297908782959,3.734077215194702,4.967551231384277,4.822463035583496,0.18972347676753998,1,0.5280525088310242,0.19524864852428436,False,False,1
power_hawkes,50,32,128,32,0.001,0.4767015874385834,0.044355712831020355,0.9122966527938843,4.51595401763916,3.5153284072875977,5.402067184448242,5.63906717300415,0.18885739147663116,1,0.5035554766654968,0.19691656529903412,False,False,1
sin_hawkes,50,32,128,32,0.001,1.658807396888733,1.7228589057922363,1.7243419885635376,4.45297908782959,3.734077215194702,4.967551231384277,4.822463035583496,0.14289973676204681,1,0.6616941690444946,2.483680486679077,False,True,1
power_hawkes,50,32,128,32,0.001,1.1046851873397827,0.5510941743850708,1.4564406871795654,4.51595401763916,3.5153284072875977,5.402067184448242,5.63906717300415,0.14128202199935913,1,0.6866632699966431,2.4007208347320557,False,True,1
sin_hawkes,50,32,128,32,0.001,0.3861495852470398,0.427908718585968,0.471234530210495,4.45297908782959,3.734077215194702,4.967551231384277,4.822463035583496,1.3816725015640259,1,0.18575537204742432,1.3111833333969116,True,False,1
power_hawkes,50,32,128,32,0.001,-0.013344771228730679,-0.40292927622795105,0.5714757442474365,4.51595401763916,3.5153284072875977,5.402067184448242,5.63906717300415,1.0863111019134521,1,0.19321593642234802,1.442039132118225,True,False,1
sin_hawkes,50,32,128,32,0.001,1.8245370388031006,1.887398600578308,1.874824047088623,4.45297908782959,3.734077215194702,4.967551231384277,4.822463035583496,0.0986633226275444,1,3.6033453941345215,0.652433454990387,True,True,1
power_hawkes,50,32,128,32,0.001,1.3647931814193726,0.9704734086990356,1.6100174188613892,4.51595401763916,3.5153284072875977,5.402067184448242,5.63906717300415,0.09543751180171967,1,3.2713048458099365,0.6886674761772156,True,True,1
sin_hawkes,250,32,32,32,0.0001,1.3469414710998535,1.3324308395385742,1.3273422718048096,4.45297908782959,3.734077215194702,4.967551231384277,4.822463035583496,1.0292035341262817,1,1.1881730556488037,1.1251177787780762,False,False,1
power_hawkes,250,32,32,32,0.0001,0.8921864032745361,0.5538375973701477,1.1823501586914062,4.51595401763916,3.5153284072875977,5.402067184448242,5.63906717300415,0.9326758980751038,1,0.7918492555618286,1.3082491159439087,False,False,1
sin_hawkes,250,32,32,32,0.0001,1.834609031677246,1.8767619132995605,1.860437273979187,4.45297908782959,3.734077215194702,4.967551231384277,4.822463035583496,0.14082615077495575,1,0.4978386163711548,0.64082932472229,False,True,1
power_hawkes,250,32,32,32,0.0001,1.3140195608139038,1.0068613290786743,1.6021571159362793,4.51595401763916,3.5153284072875977,5.402067184448242,5.63906717300415,0.14663754403591156,1,0.4839625358581543,0.6210030317306519,False,True,1
sin_hawkes,250,32,32,32,0.0001,1.191759467124939,1.1778223514556885,1.1881914138793945,4.45297908782959,3.734077215194702,4.967551231384277,4.822463035583496,2.3545010089874268,1,0.12350401282310486,0.39012765884399414,True,False,1
power_hawkes,250,32,32,32,0.0001,0.875975489616394,0.5666216015815735,1.182021975517273,4.51595401763916,3.5153284072875977,5.402067184448242,5.63906717300415,2.0225329399108887,1,0.13890621066093445,0.5187444686889648,True,False,1
sin_hawkes,250,32,32,32,0.0001,1.9242126941680908,1.9659500122070312,1.940798044204712,4.45297908782959,3.734077215194702,4.967551231384277,4.822463035583496,0.9242272973060608,1,0.6547813415527344,0.4934536814689636,True,True,1
power_hawkes,250,32,32,32,0.0001,1.4567986726760864,1.215199589729309,1.6835613250732422,4.51595401763916,3.5153284072875977,5.402067184448242,5.63906717300415,0.37041762471199036,1,1.4913839101791382,0.26361557841300964,True,True,1
sin_hawkes,250,32,64,32,0.0001,1.1972107887268066,1.215700626373291,1.2256104946136475,4.45297908782959,3.734077215194702,4.967551231384277,4.822463035583496,0.38860851526260376,1,0.7102214097976685,0.17510637640953064,False,False,1
power_hawkes,250,32,64,32,0.0001,0.8001506924629211,0.3674483001232147,1.063131332397461,4.51595401763916,3.5153284072875977,5.402067184448242,5.63906717300415,0.377825528383255,1,0.6427405476570129,0.17302121222019196,False,False,1
sin_hawkes,250,32,64,32,0.0001,1.8371472358703613,1.8462753295898438,1.8340109586715698,4.45297908782959,3.734077215194702,4.967551231384277,4.822463035583496,0.33791419863700867,1,0.10438099503517151,0.7884984612464905,False,True,1
power_hawkes,250,32,64,32,0.0001,1.3166173696517944,0.9001072645187378,1.567995548248291,4.51595401763916,3.5153284072875977,5.402067184448242,5.63906717300415,0.3171485960483551,1,0.09782397001981735,0.8066829442977905,False,True,1
sin_hawkes,250,32,64,32,0.0001,0.8498461246490479,0.8777317404747009,0.8917449116706848,4.45297908782959,3.734077215194702,4.967551231384277,4.822463035583496,1.4168328046798706,1,0.08788216859102249,0.2988877296447754,True,False,1
power_hawkes,250,32,64,32,0.0001,0.6093041896820068,0.18541112542152405,0.8819618821144104,4.51595401763916,3.5153284072875977,5.402067184448242,5.63906717300415,1.0967659950256348,1,0.0883328765630722,0.33353808522224426,True,False,1
sin_hawkes,250,32,64,32,0.0001,1.5368942022323608,1.5407758951187134,1.5325486660003662,4.45297908782959,3.734077215194702,4.967551231384277,4.822463035583496,3.224252700805664,1,0.19434578716754913,0.08937894552946091,True,True,1
power_hawkes,250,32,64,32,0.0001,1.2111995220184326,0.7964181900024414,1.4461033344268799,4.51595401763916,3.5153284072875977,5.402067184448242,5.63906717300415,2.9134631156921387,1,0.2716211676597595,0.2081286609172821,True,True,1
sin_hawkes,250,32,128,32,0.0001,1.0893282890319824,1.1031626462936401,1.11379075050354,4.45297908782959,3.734077215194702,4.967551231384277,4.822463035583496,0.22918106615543365,1,0.6708526015281677,0.23036819696426392,False,False,1
power_hawkes,250,32,128,32,0.0001,0.5406567454338074,0.15601664781570435,0.9695888757705688,4.51595401763916,3.5153284072875977,5.402067184448242,5.63906717300415,0.23703686892986298,1,0.6821679472923279,0.25108617544174194,False,False,1
sin_hawkes,250,32,128,32,0.0001,1.7093875408172607,1.7474637031555176,1.7445064783096313,4.45297908782959,3.734077215194702,4.967551231384277,4.822463035583496,0.17766276001930237,1,1.1206992864608765,2.327397584915161,False,True,1
power_hawkes,250,32,128,32,0.0001,1.2108336687088013,0.6376013159751892,1.4780495166778564,4.51595401763916,3.5153284072875977,5.402067184448242,5.63906717300415,0.18279261887073517,1,1.0383262634277344,2.27067494392395,False,True,1
sin_hawkes,250,32,128,32,0.0001,0.6160985827445984,0.6648546457290649,0.6853602528572083,4.45297908782959,3.734077215194702,4.967551231384277,4.822463035583496,1.2204111814498901,1,0.27384528517723083,1.0903472900390625,True,False,1
power_hawkes,250,32,128,32,0.0001,0.20441275835037231,-0.13583530485630035,0.7590581774711609,4.51595401763916,3.5153284072875977,5.402067184448242,5.63906717300415,1.0385360717773438,1,0.2910989820957184,1.2329696416854858,True,False,1
sin_hawkes,250,32,128,32,0.0001,1.8639448881149292,1.906603455543518,1.8898236751556396,4.45297908782959,3.734077215194702,4.967551231384277,4.822463035583496,0.1356862336397171,1,4.004553318023682,0.567668616771698,True,True,1
power_hawkes,250,32,128,32,0.0001,1.420724868774414,1.0294947624206543,1.627867579460144,4.51595401763916,3.5153284072875977,5.402067184448242,5.63906717300415,0.15923772752285004,1,2.6899008750915527,1.0226731300354004,True,True,1
sin_hawkes,250,32,32,32,0.001,0.9378644227981567,0.8945679664611816,0.9211958050727844,4.45297908782959,3.734077215194702,4.967551231384277,4.822463035583496,0.8706058263778687,1,0.37188002467155457,0.49005982279777527,False,False,1
power_hawkes,250,32,32,32,0.001,0.33887308835983276,-0.14148230850696564,0.8082348704338074,4.51595401763916,3.5153284072875977,5.402067184448242,5.63906717300415,0.8937469720840454,1,0.5396653413772583,0.8209137916564941,False,False,1
sin_hawkes,250,32,32,32,0.001,1.6367274522781372,1.6823890209197998,1.6827796697616577,4.45297908782959,3.734077215194702,4.967551231384277,4.822463035583496,0.06364352256059647,1,0.037913769483566284,0.13792671263217926,False,True,1
power_hawkes,250,32,32,32,0.001,0.9548743367195129,0.4887281656265259,1.4195749759674072,4.51595401763916,3.5153284072875977,5.402067184448242,5.63906717300415,0.07368310540914536,1,0.05817874148488045,0.24739305675029755,False,True,1
sin_hawkes,250,32,32,32,0.001,0.5212922692298889,0.4830036163330078,0.5141324996948242,4.45297908782959,3.734077215194702,4.967551231384277,4.822463035583496,2.783629894256592,1,0.00801361259073019,0.0028684644494205713,True,False,1
power_hawkes,250,32,32,32,0.001,0.09775037318468094,-0.3629121780395508,0.5564651489257812,4.51595401763916,3.5153284072875977,5.402067184448242,5.63906717300415,2.058293342590332,1,0.01145625114440918,0.005513428244739771,True,False,1
sin_hawkes,250,32,32,32,0.001,1.2791674137115479,1.3477357625961304,1.3319088220596313,4.45297908782959,3.734077215194702,4.967551231384277,4.822463035583496,4.275900840759277,1,0.00123249227181077,0.00016279946430586278,True,True,1
power_hawkes,250,32,32,32,0.001,0.8957003355026245,0.49175208806991577,1.2578140497207642,4.51595401763916,3.5153284072875977,5.402067184448242,5.63906717300415,3.874645709991455,1,0.0006655707838945091,9.054822294274345e-05,True,True,1
sin_hawkes,250,32,64,32,0.001,0.6271922588348389,0.6571860313415527,0.6979230642318726,4.45297908782959,3.734077215194702,4.967551231384277,4.822463035583496,0.44969725608825684,1,0.2907100021839142,0.29893696308135986,False,False,1
power_hawkes,250,32,64,32,0.001,0.24107474088668823,-0.3815990090370178,0.6321606636047363,4.51595401763916,3.5153284072875977,5.402067184448242,5.63906717300415,0.4239063262939453,1,0.3369300067424774,0.302916944026947,False,False,1
sin_hawkes,250,32,64,32,0.001,1.6792174577713013,1.6461126804351807,1.6543885469436646,4.45297908782959,3.734077215194702,4.967551231384277,4.822463035583496,0.08995044976472855,1,0.030375096946954727,0.08651050925254822,False,True,1
power_hawkes,250,32,64,32,0.001,1.0444917678833008,0.41422122716903687,1.397831678390503,4.51595401763916,3.5153284072875977,5.402067184448242,5.63906717300415,0.12191073596477509,1,0.04694865643978119,0.24820487201213837,False,True,1
sin_hawkes,250,32,64,32,0.001,0.09760954231023788,0.15106149017810822,0.1985286921262741,4.45297908782959,3.734077215194702,4.967551231384277,4.822463035583496,2.3036017417907715,1,0.024587318301200867,0.022766651585698128,True,False,1
power_hawkes,250,32,64,32,0.001,-0.123145692050457,-0.6874778270721436,0.34760746359825134,4.51595401763916,3.5153284072875977,5.402067184448242,5.63906717300415,1.787986159324646,1,0.021506527438759804,0.024902017787098885,True,False,1
sin_hawkes,250,32,64,32,0.001,1.1974061727523804,1.1497626304626465,1.1629537343978882,4.45297908782959,3.734077215194702,4.967551231384277,4.822463035583496,3.795722007751465,1,0.0015483489260077477,0.00014011615712661296,True,True,1
power_hawkes,250,32,64,32,0.001,0.6977340579032898,0.04014543443918228,1.0090585947036743,4.51595401763916,3.5153284072875977,5.402067184448242,5.63906717300415,3.415860414505005,1,0.0005920768016949296,9.436344407731667e-05,True,True,1
power_hawkes,250,32,128,32,0.001,0.04937963932752609,-0.3440396785736084,0.712390661239624,4.51595401763916,3.5153284072875977,5.402067184448242,5.63906717300415,0.1318877637386322,1,0.2905678451061249,0.12110678106546402,False,False,1
sin_hawkes,250,32,128,32,0.001,1.5038654804229736,1.5337516069412231,1.5492342710494995,4.45297908782959,3.734077215194702,4.967551231384277,4.822463035583496,0.014238662086427212,1,0.019635245203971863,2.1939356327056885,False,True,1
power_hawkes,250,32,128,32,0.001,0.916975736618042,0.06583816558122635,1.2847235202789307,4.51595401763916,3.5153284072875977,5.402067184448242,5.63906717300415,0.009258250705897808,1,0.047534458339214325,2.621400833129883,False,True,1
sin_hawkes,250,32,128,32,0.001,-0.012842711061239243,0.26943349838256836,0.3191053569316864,4.45297908782959,3.734077215194702,4.967551231384277,4.822463035583496,1.4886808395385742,1,0.13159330189228058,2.7681944370269775,True,False,1
power_hawkes,250,32,128,32,0.001,-0.505833625793457,-0.6734289526939392,0.5312921404838562,4.51595401763916,3.5153284072875977,5.402067184448242,5.63906717300415,1.1318235397338867,1,0.1504068523645401,2.942497968673706,True,False,1
sin_hawkes,250,32,128,32,0.001,1.6750208139419556,1.710813283920288,1.7100120782852173,4.45297908782959,3.734077215194702,4.967551231384277,4.822463035583496,0.005581199191510677,1,6.07640266418457,0.4677632749080658,True,True,1
power_hawkes,250,32,128,32,0.001,1.1542751789093018,0.49252045154571533,1.4508075714111328,4.51595401763916,3.5153284072875977,5.402067184448242,5.63906717300415,0.004628738854080439,1,4.217304706573486,0.430331289768219,True,True,1
sin_hawkes,250,32,128,32,0.0001,0.9331985116004944,0.8963255286216736,0.9139293432235718,4.45297908782959,3.734077215194702,4.967551231384277,4.822463035583496,0.22138091921806335,1,1.211199402809143,0.41813433170318604,False,False,1
sin_hawkes,100,32,128,32,0.0001,1.1386818885803223,1.1760398149490356,1.1787632703781128,4.45297908782959,3.734077215194702,4.967551231384277,4.822463035583496,0.22138091921806335,1,1.211199402809143,0.41813433170318604,False,False,1
power_hawkes,100,32,128,32,0.0001,0.9297569394111633,0.4198744595050812,1.1013776063919067,4.51595401763916,3.5153284072875977,5.402067184448242,5.63906717300415,0.22138091921806335,1,1.211199402809143,0.41813433170318604,False,False,1
sin_hawkes,100,32,128,32,0.0001,1.813538670539856,1.8576464653015137,1.8453048467636108,4.45297908782959,3.734077215194702,4.967551231384277,4.822463035583496,0.7726538777351379,1,2.592843770980835,0.9629574418067932,False,True,1
power_hawkes,100,32,128,32,0.0001,1.2625694274902344,0.8786495327949524,1.5728585720062256,4.51595401763916,3.5153284072875977,5.402067184448242,5.63906717300415,0.7726538777351379,1,2.592843770980835,0.9629574418067932,False,True,1
sin_hawkes,100,32,128,32,0.0001,1.3596196174621582,1.3981034755706787,1.3902051448822021,4.45297908782959,3.734077215194702,4.967551231384277,4.822463035583496,0.22138091921806335,1,1.211199402809143,0.41813433170318604,False,False,1
power_hawkes,100,32,128,32,0.0001,1.0157724618911743,0.5062898993492126,1.1879947185516357,4.51595401763916,3.5153284072875977,5.402067184448242,5.63906717300415,0.22138091921806335,1,1.211199402809143,0.41813433170318604,False,False,1
sin_hawkes,100,32,128,32,0.0001,1.7870129346847534,1.8315343856811523,1.820989727973938,4.45297908782959,3.734077215194702,4.967551231384277,4.822463035583496,0.7726538777351379,1,2.592843770980835,0.9629574418067932,False,True,1
power_hawkes,100,32,128,32,0.0001,1.247660517692566,0.8626666069030762,1.5596743822097778,4.51595401763916,3.5153284072875977,5.402067184448242,5.63906717300415,0.7726538777351379,1,2.592843770980835,0.9629574418067932,False,True,1
sin_hawkes,50,32,128,32,0.0001,18.80733299255371,26.40207862854004,26.440889358520508,4.45297908782959,3.734077215194702,4.967551231384277,4.822463035583496,0.22138091921806335,1,1.211199402809143,0.41813433170318604,False,False,1
sin_hawkes,50,32,128,32,0.0001,19.029239654541016,26.40207862854004,26.440889358520508,4.45297908782959,3.734077215194702,4.967551231384277,4.822463035583496,0.7726538777351379,1,2.592843770980835,0.9629574418067932,False,True,1
sin_hawkes,50,32,128,32,0.0001,18.824459075927734,26.40207862854004,26.440889358520508,4.45297908782959,3.734077215194702,4.967551231384277,4.822463035583496,0.22138091921806335,1,1.211199402809143,0.41813433170318604,False,False,1
power_hawkes,50,32,128,32,0.0001,28.90846824645996,34.459293365478516,37.1079216003418,4.51595401763916,3.5153284072875977,5.402067184448242,5.63906717300415,0.22138091921806335,1,1.211199402809143,0.41813433170318604,False,False,1
sin_hawkes,50,32,128,32,0.0001,19.033437728881836,26.40207862854004,26.440889358520508,4.45297908782959,3.734077215194702,4.967551231384277,4.822463035583496,0.7726538777351379,1,2.592843770980835,0.9629574418067932,False,True,1
power_hawkes,50,32,128,32,0.0001,29.82660484313965,34.459293365478516,37.1079216003418,4.51595401763916,3.5153284072875977,5.402067184448242,5.63906717300415,0.7726538777351379,1,2.592843770980835,0.9629574418067932,False,True,1
sin_hawkes,50,32,128,32,0.0001,19.029497146606445,26.40207862854004,26.440889358520508,4.45297908782959,3.734077215194702,4.967551231384277,4.822463035583496,0.7726538777351379,1,2.592843770980835,0.9629574418067932,False,True,1
sin_hawkes,50,32,128,32,0.001,18.69965362548828,26.40207862854004,26.440889358520508,4.45297908782959,3.734077215194702,4.967551231384277,4.822463035583496,0.22138091921806335,1,1.211199402809143,0.41813433170318604,False,False,1
power_hawkes,50,32,128,32,0.001,28.299463272094727,34.459293365478516,37.1079216003418,4.51595401763916,3.5153284072875977,5.402067184448242,5.63906717300415,0.22138091921806335,1,1.211199402809143,0.41813433170318604,False,False,1
sin_hawkes,100,32,128,32,0.001,18.547000885009766,19.401981353759766,19.38273048400879,4.415897369384766,3.9587340354919434,4.384283542633057,4.2828755378723145,0.22138091921806335,1,1.211199402809143,0.41813433170318604,False,False,1
power_hawkes,100,32,128,32,0.001,28.0463924407959,27.15074920654297,29.425851821899414,4.846974849700928,4.259605407714844,5.138327598571777,5.3905181884765625,0.22138091921806335,1,1.211199402809143,0.41813433170318604,False,False,1
sin_hawkes,100,32,128,32,0.001,18.56194305419922,19.297298431396484,19.330060958862305,4.072006702423096,3.6067066192626953,4.321069717407227,4.206369876861572,0.22138091921806335,1,1.211199402809143,0.41813433170318604,False,False,1
power_hawkes,100,32,128,32,0.001,28.0463924407959,27.15074920654297,29.425851821899414,4.846974849700928,4.259605407714844,5.138327598571777,5.3905181884765625,0.22138091921806335,1,1.211199402809143,0.41813433170318604,False,False,1
sin_hawkes,100,32,128,32,0.001,18.513696670532227,19.44343376159668,19.45370101928711,4.381215572357178,3.7811880111694336,4.402698993682861,4.25755500793457,0.22138091921806335,1,1.211199402809143,"tensor([0.7292], device='cuda:0', grad_fn=<AddBackward0>)",False,False,1
power_hawkes,100,32,128,32,0.001,28.014684677124023,27.18416976928711,29.42611312866211,4.4031829833984375,3.7299156188964844,4.9843573570251465,5.270881175994873,0.22138091921806335,1,1.211199402809143,0.6436446756124496,False,False,1
