Dataset,Epochs,Batch Size,D_Model,D_Type,Learning Rate,Train loss,Val Loss,Test Loss,Val RMSE,Test RMSE,Last Val RMSE,Last Test RMSE,Last Event Accuracy,Last Event Accuracy - Test,Softmax,Time2Vec,Model ID
,,,,,,,,,,,,,,,,,
,,,,,,,,,,,,,,,,,
,,,,,,,,,,,,,,,,,
,,,,,,,,,,,,,,,,,
,,,,,,,,,,,,,,,,,
,,,,,,,,,,,,,,,,,
,,,,,,,,,,,,,,,,,
,,,,,,,,,,,,,,,,,
,,,,,,,,,,,,,,,,,
,,,,,,,,,,,,,,,,,
,,,,,,,,,,,,,,,,,
,,,,,,,,,,,,,,,,,
,,,,,,,,,,,,,,,,,
,,,,,,,,,,,,,,,,,
,,,,,,,,,,,,,,,,,
,,,,,,,,,,,,,,,,,
,,,,,,,,,,,,,,,,,
,,,,,,,,,,,,,,,,,
,,,,,,,,,,,,,,,,,
,,,,,,,,,,,,,,,,,
,,,,,,,,,,,,,,,,,
,,,,,,,,,,,,,,,,,
,,,,,,,,,,,,,,,,,
,,,,,,,,,,,,,,,,,
,,,,,,,,,,,,,,,,,
,,,,,,,,,,,,,,,,,
,,,,,,,,,,,,,,,,,
,,,,,,,,,,,,,,,,,
,,,,,,,,,,,,,,,,,
sin_hawkes,25,30,32,32,0.0005,2.700232982635498,2.7223401069641113,2.733067274093628,5.444716930389404,4.793248176574707,4.747337818145752,4.753511905670166,1.0,1.0,False,False,ee85632b0e
sin_hawkes,25,30,32,32,0.0005,2.7149226665496826,2.733560800552368,2.7446110248565674,5.458761692047119,4.786194801330566,4.747928142547607,4.754513740539551,1.0,1.0,False,True,22d10d46e6
sin_hawkes,25,30,32,32,0.0005,2.705781936645508,2.7255730628967285,2.7370688915252686,5.507591724395752,4.85849142074585,4.760619640350342,4.768943786621094,1.0,1.0,True,False,e178245fcf
sin_hawkes,25,30,32,32,0.0005,2.714681625366211,2.733726978302002,2.743957996368408,5.474884033203125,4.800042152404785,4.754657745361328,4.76109504699707,1.0,1.0,True,True,f7403be966
sin_hawkes,25,30,32,32,0.0005,2.705781936645508,2.7255730628967285,2.7370688915252686,5.507591724395752,4.85849142074585,4.760619640350342,4.768943786621094,1.0,1.0,True,False,dfbce34f80
sin_hawkes,25,30,32,32,0.0005,2.714681625366211,2.733726978302002,2.743957996368408,5.474884033203125,4.800042152404785,4.754657745361328,4.76109504699707,1.0,1.0,True,True,ea5d45e396
sin_hawkes,25,30,32,32,0.0005,2.700232982635498,2.7223401069641113,2.733067274093628,5.444716930389404,4.793248176574707,4.747337818145752,4.753511905670166,1.0,1.0,False,False,c7697c4fa9
sin_hawkes,25,30,32,32,0.0005,2.7149226665496826,2.733560800552368,2.7446110248565674,5.458761692047119,4.786194801330566,4.747928142547607,4.754513740539551,1.0,1.0,False,True,dd7c57ed92
sin_hawkes,25,30,32,32,0.0005,2.7018160820007324,2.7241249084472656,2.73439621925354,5.453935146331787,4.7989115715026855,4.748767852783203,4.754631996154785,1.0,1.0,False,False,53b433a322
sin_hawkes,25,30,32,32,0.0005,2.714935064315796,2.73355770111084,2.744621753692627,5.459139823913574,4.7864885330200195,4.74822998046875,4.754824161529541,1.0,1.0,False,True,38f581f945
sin_hawkes,25,30,32,32,0.0005,2.7053186893463135,2.725019931793213,2.7366323471069336,5.504184722900391,4.856791973114014,4.760430812835693,4.768876075744629,1.0,1.0,True,False,487f0afa95
sin_hawkes,25,30,32,32,0.0005,2.7146809101104736,2.7337169647216797,2.7439589500427246,5.474686145782471,4.7998576164245605,4.754596710205078,4.7610368728637695,1.0,1.0,True,True,f7959fcd37
sin_hawkes,25,30,32,32,0.0005,2.7053186893463135,2.725019931793213,2.7366323471069336,5.504184722900391,4.856791973114014,4.760430812835693,4.768876075744629,1.0,1.0,True,False,8ce363562b
sin_hawkes,25,30,32,32,0.0005,2.7146809101104736,2.7337169647216797,2.7439589500427246,5.474686145782471,4.7998576164245605,4.754596710205078,4.7610368728637695,1.0,1.0,True,True,f2703c8081
sin_hawkes,25,30,32,32,0.0005,2.7018160820007324,2.7241249084472656,2.73439621925354,5.453935146331787,4.7989115715026855,4.748767852783203,4.754631996154785,1.0,1.0,False,False,05a38135a9
sin_hawkes,25,30,32,32,0.0005,2.714935064315796,2.73355770111084,2.744621753692627,5.459139823913574,4.7864885330200195,4.74822998046875,4.754824161529541,1.0,1.0,False,True,c436097c36
sin_hawkes,25,30,32,32,0.0005,2.700232982635498,2.7223401069641113,2.733067274093628,5.444716930389404,4.793248176574707,4.747337818145752,4.753511905670166,1.0,1.0,False,False,88c4f4ab43
sin_hawkes,25,30,32,32,0.0005,2.7149226665496826,2.733560800552368,2.7446110248565674,5.458761692047119,4.786194801330566,4.747928142547607,4.754513740539551,1.0,1.0,False,True,de1e00e7ad
sin_hawkes,25,30,32,32,0.0005,2.700232982635498,2.7223401069641113,2.733067274093628,5.444716930389404,4.793248176574707,4.747337818145752,4.753511905670166,1.0,1.0,False,False,516b29652c
sin_hawkes,25,30,32,32,0.0005,2.7149226665496826,2.733560800552368,2.7446110248565674,5.458761692047119,4.786194801330566,4.747928142547607,4.754513740539551,1.0,1.0,False,True,d97ab5a2e0
sin_hawkes,25,30,32,32,0.0005,2.705781936645508,2.7255730628967285,2.7370688915252686,5.507591724395752,4.85849142074585,4.760619640350342,4.768943786621094,1.0,1.0,True,False,f95ed4d6af
sin_hawkes,25,30,32,32,0.0005,2.714681625366211,2.733726978302002,2.743957996368408,5.474884033203125,4.800042152404785,4.754657745361328,4.76109504699707,1.0,1.0,True,True,f5929176a7
sin_hawkes,25,30,32,32,0.0005,2.705781936645508,2.7255730628967285,2.7370688915252686,5.507591724395752,4.85849142074585,4.760619640350342,4.768943786621094,1.0,1.0,True,False,ca61d4dee7
sin_hawkes,25,30,32,32,0.0005,2.714681625366211,2.733726978302002,2.743957996368408,5.474884033203125,4.800042152404785,4.754657745361328,4.76109504699707,1.0,1.0,True,True,06b7e1636d
sin_hawkes,25,30,32,32,0.0005,2.700232982635498,2.7223401069641113,2.733067274093628,5.444716930389404,4.793248176574707,4.747337818145752,4.753511905670166,1.0,1.0,False,False,e88173e120
sin_hawkes,25,30,32,32,0.0005,2.7149226665496826,2.733560800552368,2.7446110248565674,5.458761692047119,4.786194801330566,4.747928142547607,4.754513740539551,1.0,1.0,False,True,68b1837398
sin_hawkes,25,30,32,32,0.0005,2.700061559677124,2.7221384048461914,2.7325658798217773,5.44708251953125,4.79475212097168,4.7475738525390625,4.753618240356445,1.0,1.0,False,False,0c32ff415e
sin_hawkes,25,30,32,32,0.0005,2.71492600440979,2.7335612773895264,2.7446177005767822,5.458833694458008,4.786256790161133,4.747930526733398,4.754523754119873,1.0,1.0,False,True,21ce53a140
sin_hawkes,25,30,32,32,0.0005,2.705777645111084,2.7255852222442627,2.737102508544922,5.507268905639648,4.857932090759277,4.760669231414795,4.769039154052734,1.0,1.0,True,False,87cf79690a
sin_hawkes,25,30,32,32,0.0005,2.7146832942962646,2.7337124347686768,2.743957996368408,5.474634170532227,4.799818992614746,4.754586696624756,4.7610297203063965,1.0,1.0,True,True,afb7fc840b
sin_hawkes,25,30,32,32,0.0005,2.705777645111084,2.7255852222442627,2.737102508544922,5.507268905639648,4.857932090759277,4.760669231414795,4.769039154052734,1.0,1.0,True,False,584567ab33
sin_hawkes,25,30,32,32,0.0005,2.7146832942962646,2.7337124347686768,2.743957996368408,5.474634170532227,4.799818992614746,4.754586696624756,4.7610297203063965,1.0,1.0,True,True,3b490a6d95
sin_hawkes,25,30,32,32,0.0005,2.700061559677124,2.7221384048461914,2.7325658798217773,5.44708251953125,4.79475212097168,4.7475738525390625,4.753618240356445,1.0,1.0,False,False,305c1aa96e
sin_hawkes,25,30,32,32,0.0005,2.71492600440979,2.7335612773895264,2.7446177005767822,5.458833694458008,4.786256790161133,4.747930526733398,4.754523754119873,1.0,1.0,False,True,20ccc3565e
sin_hawkes,25,30,32,32,0.0005,2.700061559677124,2.7221384048461914,2.7325658798217773,5.44708251953125,4.79475212097168,4.7475738525390625,4.753618240356445,1.0,1.0,False,False,2ca6db7104
sin_hawkes,25,30,32,32,0.0005,2.71492600440979,2.7335612773895264,2.7446177005767822,5.458833694458008,4.786256790161133,4.747930526733398,4.754523754119873,1.0,1.0,False,True,c8c5f7c400
sin_hawkes,25,30,32,32,0.0005,2.7146832942962646,2.7337124347686768,2.743957996368408,5.474634170532227,4.799818992614746,4.754586696624756,4.7610297203063965,1.0,1.0,True,True,219942057d
sin_hawkes,25,30,32,32,0.0005,2.7146832942962646,2.7337124347686768,2.743957996368408,5.474634170532227,4.799818992614746,4.754586696624756,4.7610297203063965,1.0,1.0,True,True,f526313d49
sin_hawkes,25,30,32,32,0.0005,2.71492600440979,2.7335612773895264,2.7446177005767822,5.458833694458008,4.786256790161133,4.747930526733398,4.754523754119873,1.0,1.0,False,True,11e3f95cda
sin_hawkes,25,30,32,32,0.0005,2.700061559677124,2.7221384048461914,2.7325658798217773,5.44708251953125,4.79475212097168,4.7475738525390625,4.753618240356445,1.0,1.0,False,False,aae96b9457
sin_hawkes,25,30,32,32,0.0005,2.705777645111084,2.7255852222442627,2.737102508544922,5.507268905639648,4.857932090759277,4.760669231414795,4.769039154052734,1.0,1.0,True,False,447e65b337
sin_hawkes,25,30,32,32,0.0005,2.705777645111084,2.7255852222442627,2.737102508544922,5.507268905639648,4.857932090759277,4.760669231414795,4.769039154052734,1.0,1.0,True,False,8deaf3914b
sin_hawkes,25,30,32,32,0.0005,2.700061559677124,2.7221384048461914,2.7325658798217773,5.44708251953125,4.79475212097168,4.7475738525390625,4.753618240356445,1.0,1.0,False,False,17269f3fc9
sin_hawkes,25,30,32,32,0.0005,5.622149467468262,2.7280890941619873,2.7398316860198975,5.419689178466797,4.783166408538818,4.749660491943359,4.755751609802246,1.0,1.0,False,False,7fea51fa1a
sin_hawkes,25,30,32,32,0.0005,5.625518798828125,2.728853464126587,2.7418625354766846,5.4643988609313965,4.8094353675842285,4.749401092529297,4.759760856628418,1.0,1.0,True,False,c5f8a7e4cd
sin_hawkes,25,30,32,32,0.0005,5.5998735427856445,2.728109359741211,2.7398343086242676,5.420342445373535,4.784530162811279,4.750011444091797,4.756170272827148,1.0,1.0,False,False,ad68f3a8c7
sin_hawkes,25,30,32,32,0.0005,5.6032586097717285,2.728832960128784,2.741887331008911,5.460474967956543,4.805644512176514,4.74849271774292,4.758741855621338,1.0,1.0,True,False,5ea83da8ec
sin_hawkes,50,30,32,32,0.0005,4.718333721160889,2.7179782390594482,2.7287676334381104,5.446315288543701,4.7975969314575195,4.747982978820801,4.757026672363281,1.0,1.0,False,False,3b4ea0bdfc
sin_hawkes,50,30,32,32,0.0005,4.739436626434326,2.7275822162628174,2.739901304244995,5.523425102233887,4.872827053070068,4.766923427581787,4.777871131896973,1.0,1.0,True,False,ca55b9e6ab
sin_hawkes,50,30,32,32,0.0001,7.584543228149414,7.533999919891357,7.542954921722412,5.48256254196167,4.823973655700684,4.749598026275635,4.756526947021484,1.0,1.0,True,False,1fefb44d0e
sin_hawkes,50,30,32,32,0.001,4.207767486572266,4.22708797454834,4.2446441650390625,5.494683742523193,4.815438270568848,4.742527484893799,4.748480319976807,1.0,1.0,True,False,607c193d54
sin_hawkes,50,30,32,32,0.001,4.207767486572266,4.22708797454834,4.2446441650390625,5.494683742523193,4.815438270568848,4.742527484893799,4.748480319976807,1.0,1.0,True,False,f7107b11ce
sin_hawkes,50,30,32,32,0.001,4.603322505950928,4.606070518493652,4.618330955505371,5.487738609313965,4.813932418823242,4.740185737609863,4.747311115264893,1.0,1.0,True,False,a04c284a2c
power_hawkes,50,30,32,32,0.001,4.785851955413818,4.711643218994141,4.794153213500977,7.12216329574585,6.7973713874816895,5.6761016845703125,5.8996734619140625,1.0,1.0,True,False,40255c2b51
power_hawkes,50,30,32,32,0.001,4.785851955413818,4.711643218994141,4.794153213500977,7.12216329574585,6.7973713874816895,5.6761016845703125,5.8996734619140625,1.0,1.0,True,False,8241c0fa55
sin_hawkes,50,30,32,32,0.0001,2.7149667739868164,2.7339491844177246,2.743990182876587,5.475034713745117,4.797914028167725,4.763517379760742,4.769903182983398,1.0,1.0,True,True,32dd724786
power_hawkes,50,30,32,32,0.0001,2.9671220779418945,2.9196646213531494,2.985919952392578,7.121679306030273,6.790680408477783,5.735393524169922,5.959775924682617,1.0,1.0,True,True,93406a6cf4
power_hawkes,100,30,32,32,0.001,2.9229936599731445,2.888012170791626,2.954998016357422,7.036652565002441,6.732382297515869,5.623903274536133,5.852362155914307,1.0,1.0,True,False,772256d230
sin_hawkes,100,30,32,32,0.001,2.692763566970825,2.718597173690796,2.732846260070801,5.456487655639648,4.809889793395996,4.739422798156738,4.748592853546143,1.0,1.0,True,False,d52ebdb1d9
2_d_hawkes,50,30,32,32,0.0005,1.527824878692627,1.5226092338562012,1.5246076583862305,1.844820261001587,2.2462594509124756,1.6647034883499146,1.6728816032409668,0.6375,0.61,True,False,b28ee6a541
2_d_hawkes,50,30,32,32,0.0005,-0.33942511677742004,-0.3611152768135071,-0.31766292452812195,1.870793104171753,2.267556667327881,1.6896227598190308,1.6970356702804565,0.635,0.62,True,False,74b1470cd2
2_d_hawkes,50,30,16,16,0.0001,1.550981347159652,"tensor(1.5449, device='cuda:0')","tensor(1.5462, device='cuda:0')",1.8855587244033813,2.274583101272583,1.7002801895141602,1.7050693035125732,0.5375,0.54,True,False,14f4648f1d
2_d_hawkes,50,30,32,32,0.0001,1.537817605227182,"tensor(1.5314, device='cuda:0')","tensor(1.5339, device='cuda:0')",1.8832753896713257,2.2734885215759277,1.6796722412109375,1.687719464302063,0.6275,0.615,True,False,57bda1b6b9
2_d_hawkes,50,30,16,16,0.0001,1.5492440322446202,"tensor(1.5419, device='cuda:0')","tensor(1.5443, device='cuda:0')",1.8668099641799927,2.264115810394287,1.6996233463287354,1.7054041624069214,0.6375,0.6175,True,True,b7db2bd209
2_d_hawkes,50,30,32,32,0.0001,1.5464292329253557,"tensor(1.5395, device='cuda:0')","tensor(1.5419, device='cuda:0')",1.8854387998580933,2.2787835597991943,1.6937298774719238,1.6994909048080444,0.6375,0.6175,True,True,f1a95dd0f9
2_d_hawkes,50,30,16,16,0.0005,1.5346268192250525,"tensor(1.5291, device='cuda:0')","tensor(1.5308, device='cuda:0')",1.8651612997055054,2.252333164215088,1.6756318807601929,1.6823949813842773,0.635,0.6125,True,False,fc72ec67f5
2_d_hawkes,50,30,32,32,0.0005,1.5278249478587735,"tensor(1.5226, device='cuda:0')","tensor(1.5246, device='cuda:0')",1.844820261001587,2.2462594509124756,1.6647034883499146,1.6728816032409668,0.6375,0.61,True,False,a699a1fa3b
2_d_hawkes,50,30,16,16,0.0005,1.538635109468505,"tensor(1.5315, device='cuda:0')","tensor(1.5341, device='cuda:0')",1.8705357313156128,2.2665274143218994,1.6829358339309692,1.690211296081543,0.6375,0.6175,True,True,18dee8e9ae
2_d_hawkes,50,30,32,32,0.0005,1.535065311909268,"tensor(1.5285, device='cuda:0')","tensor(1.5307, device='cuda:0')",1.882053256034851,2.2749722003936768,1.6776615381240845,1.6851806640625,0.6375,0.6175,True,True,8609d34a3a
2_d_hawkes,50,30,16,16,0.0005,1.5343123100862956,"tensor(1.5288, device='cuda:0')","tensor(1.5305, device='cuda:0')",1.8639476299285889,2.2515361309051514,1.675079345703125,1.681811809539795,0.6325,0.6125,True,False,06d4ef296e
2_d_hawkes,50,30,32,32,0.0005,1.5277441067982636,"tensor(1.5226, device='cuda:0')","tensor(1.5247, device='cuda:0')",1.841278314590454,2.2431929111480713,1.6637873649597168,1.672084927558899,0.6375,0.61,True,False,f6eca854b8
2_d_hawkes,50,30,16,16,0.0005,1.5385498866615919,"tensor(1.5314, device='cuda:0')","tensor(1.5340, device='cuda:0')",1.869917392730713,2.2660906314849854,1.6827548742294312,1.6900261640548706,0.6375,0.6175,True,True,2603642772
2_d_hawkes,50,30,32,32,0.0005,1.5350479638233614,"tensor(1.5285, device='cuda:0')","tensor(1.5307, device='cuda:0')",1.8822048902511597,2.2752022743225098,1.6774271726608276,1.6849126815795898,0.6375,0.6175,True,True,6315c16819
2_d_hawkes,50,30,16,16,0.0005,nan,"tensor(nan, device='cuda:0')","tensor(nan, device='cuda:0')",nan,nan,nan,nan,0.3625,0.3825,True,False,352ba3f159
2_d_hawkes,50,30,16,16,0.0001,1.5492149372756545,"tensor(1.5432, device='cuda:0')","tensor(1.5445, device='cuda:0')",1.8837530612945557,2.2725930213928223,1.6972956657409668,1.7022544145584106,0.5425,0.5425,True,False,1c2d311e8a
2_d_hawkes,50,30,32,32,0.0001,1.5344796763781423,"tensor(1.5279, device='cuda:0')","tensor(1.5306, device='cuda:0')",1.877823829650879,2.2676596641540527,1.6744540929794312,1.6828176975250244,0.6225,0.62,True,False,51cdd9538c
2_d_hawkes,50,30,16,16,0.0001,1.548539489771265,"tensor(1.5412, device='cuda:0')","tensor(1.5436, device='cuda:0')",1.8664201498031616,2.263777494430542,1.6982325315475464,1.703998327255249,0.6375,0.6175,True,True,23103bf9a9
2_d_hawkes,50,30,32,32,0.0001,1.5446376396669135,"tensor(1.5377, device='cuda:0')","tensor(1.5401, device='cuda:0')",1.8859986066818237,2.279013156890869,1.690900444984436,1.6969025135040283,0.6375,0.6175,True,True,e8356feae0
2_d_hawkes,50,30,16,16,0.0001,1.546013600512167,"tensor(1.5389, device='cuda:0')","tensor(1.5415, device='cuda:0')",1.886673927307129,2.278075695037842,1.6945935487747192,1.700355887413025,0.55,0.55,True,False,1e02ecf1a5
2_d_hawkes,50,30,32,32,0.0001,1.5454756439131039,"tensor(1.5398, device='cuda:0')","tensor(1.5412, device='cuda:0')",1.8661500215530396,2.261599063873291,1.680557131767273,1.6883388757705688,0.5775,0.56,True,False,e7c30c7a65
2_d_hawkes,50,30,16,16,0.0001,1.5496769306399862,"tensor(1.5421, device='cuda:0')","tensor(1.5442, device='cuda:0')",1.8752431869506836,2.2724242210388184,1.7029823064804077,1.70901358127594,0.6375,0.6175,True,True,030574f08f
2_d_hawkes,50,30,32,32,0.0001,1.5457376550630049,"tensor(1.5387, device='cuda:0')","tensor(1.5406, device='cuda:0')",1.8795089721679688,2.2743818759918213,1.6918766498565674,1.697648525238037,0.6375,0.6175,True,True,32088a81f4
2_d_hawkes,50,30,16,16,0.0001,1.5439661365985362,"tensor(1.5369, device='cuda:0')","tensor(1.5398, device='cuda:0')",1.8842658996582031,2.276700973510742,1.6905826330184937,1.6969828605651855,0.5525,0.5725,True,False,6e00842152
2_d_hawkes,50,30,32,32,0.0001,1.5452686906599185,"tensor(1.5396, device='cuda:0')","tensor(1.5410, device='cuda:0')",1.8658530712127686,2.2618751525878906,1.6805988550186157,1.6884078979492188,0.5725,0.5775,True,False,849902261f
2_d_hawkes,50,30,16,16,0.0001,1.549385552282438,"tensor(1.5418, device='cuda:0')","tensor(1.5439, device='cuda:0')",1.8754504919052124,2.2726097106933594,1.7023857831954956,1.7084376811981201,0.6375,0.6175,True,True,ce5acbcdb0
2_d_hawkes,50,30,32,32,0.0001,1.5455233807499023,"tensor(1.5385, device='cuda:0')","tensor(1.5404, device='cuda:0')",1.8795870542526245,2.274421215057373,1.691567301750183,1.6973458528518677,0.6375,0.6175,True,True,c7ecc390d4
2_d_hawkes,50,30,16,16,0.0001,1.543829455495257,"tensor(1.5367, device='cuda:0')","tensor(1.5398, device='cuda:0')",1.8835164308547974,2.2746658325195312,1.6892951726913452,1.6958181858062744,0.59,0.555,True,False,2b11df16af
2_d_hawkes,50,30,32,32,0.0001,1.5448234473206433,"tensor(1.5391, device='cuda:0')","tensor(1.5408, device='cuda:0')",1.8658868074417114,2.2612197399139404,1.6794626712799072,1.687616229057312,0.5725,0.5625,True,False,f233a12982
2_d_hawkes,50,30,16,16,0.0001,1.54928361488471,"tensor(1.5417, device='cuda:0')","tensor(1.5439, device='cuda:0')",1.8755439519882202,2.272688150405884,1.7021698951721191,1.708230972290039,0.6375,0.6175,True,True,180a73b6d5
2_d_hawkes,50,30,32,32,0.0001,1.5453193668102307,"tensor(1.5383, device='cuda:0')","tensor(1.5402, device='cuda:0')",1.8783318996429443,2.273249864578247,1.6912734508514404,1.6972471475601196,0.6375,0.6175,True,True,a0d2f37126
2_d_hawkes,100,30,16,16,0.0001,1.535228726851104,"tensor(1.5289, device='cuda:0')","tensor(1.5318, device='cuda:0')",1.8710315227508545,2.265666961669922,1.6741470098495483,1.681760549545288,0.6275,0.585,True,False,5c5d12ffca
2_d_hawkes,100,30,32,32,0.0001,1.5314284779513148,"tensor(1.5260, device='cuda:0')","tensor(1.5278, device='cuda:0')",1.8729344606399536,2.2651336193084717,1.673114538192749,1.6819977760314941,0.645,0.59,True,False,25ca70b716
2_d_hawkes,100,30,16,16,0.0001,1.5452065848062178,"tensor(1.5379, device='cuda:0')","tensor(1.5399, device='cuda:0')",1.8740060329437256,2.2700111865997314,1.6932939291000366,1.6990430355072021,0.6375,0.6175,True,True,a279b52705
2_d_hawkes,100,30,32,32,0.0001,1.5397239648071404,"tensor(1.5330, device='cuda:0')","tensor(1.5348, device='cuda:0')",1.8885033130645752,2.2803704738616943,1.6859267950057983,1.6924629211425781,0.6375,0.6175,True,True,894496fbca
2_d_hawkes,50,30,16,16,0.0001,1.629533474959213,"tensor(1.5795, device='cuda:0')","tensor(1.5822, device='cuda:0')",1.889469027519226,2.281261682510376,1.6966089010238647,1.7026432752609253,0.5625,0.5475,True,False,dc15eccb28
2_d_hawkes,50,30,32,32,0.0001,1.65763520140394,"tensor(1.5988, device='cuda:0')","tensor(1.6008, device='cuda:0')",1.8727529048919678,2.267958402633667,1.686120629310608,1.6936453580856323,0.565,0.575,True,False,fd89a87b1b
2_d_hawkes,50,30,16,16,0.0001,1.6428695491627867,"tensor(1.5666, device='cuda:0')","tensor(1.5687, device='cuda:0')",1.8756465911865234,2.2727510929107666,1.7041022777557373,1.710075855255127,0.6375,0.6175,True,True,806aa98787
2_d_hawkes,50,30,32,32,0.0001,1.6498972939385144,"tensor(1.5774, device='cuda:0')","tensor(1.5791, device='cuda:0')",1.8780261278152466,2.273275852203369,1.6952764987945557,1.7009974718093872,0.6375,0.6175,True,True,c14ba5ff31
2_d_hawkes,50,30,16,16,0.0001,1.5501096008734094,"tensor(1.5556, device='cuda:0')","tensor(1.5569, device='cuda:0')",1.8851679563522339,2.2738633155822754,1.6982439756393433,1.7030699253082275,0.54,0.54,True,False,98be2ce6b6
2_d_hawkes,50,30,32,32,0.0001,1.5352040646192788,"tensor(1.5550, device='cuda:0')","tensor(1.5578, device='cuda:0')",1.8792784214019775,2.268824815750122,1.6749526262283325,1.6832618713378906,0.6225,0.62,True,False,ae0016ba62
2_d_hawkes,50,30,16,16,0.0001,1.5492013071923172,"tensor(1.5522, device='cuda:0')","tensor(1.5546, device='cuda:0')",1.86658775806427,2.2639052867889404,1.6990381479263306,1.7048379182815552,0.6375,0.6175,True,True,e0b3ad6419
2_d_hawkes,50,30,32,32,0.0001,1.5455731390669443,"tensor(1.5579, device='cuda:0')","tensor(1.5605, device='cuda:0')",1.8859717845916748,2.2790424823760986,1.6915494203567505,1.697519063949585,0.6375,0.6175,True,True,1f9e097f48
2_d_hawkes,50,30,16,16,0.0001,1.551799458968573,"tensor(1.5457, device='cuda:0')","tensor(1.5470, device='cuda:0')",1.8861467838287354,2.2750630378723145,1.7014201879501343,1.7060797214508057,0.5375,0.555,True,False,ac30b2a615
2_d_hawkes,50,30,32,32,0.0001,1.5402423305921082,"tensor(1.5342, device='cuda:0')","tensor(1.5364, device='cuda:0')",1.8838846683502197,2.2743427753448486,1.6829228401184082,1.690472960472107,0.6325,0.615,True,False,fd43242a56
2_d_hawkes,50,30,16,16,0.0001,1.549640425593376,"tensor(1.5424, device='cuda:0')","tensor(1.5447, device='cuda:0')",1.8667157888412476,2.2640247344970703,1.7002860307693481,1.7060362100601196,0.6375,0.6175,True,True,f85e56a3f0
2_d_hawkes,50,30,32,32,0.0001,1.5472921509000588,"tensor(1.5404, device='cuda:0')","tensor(1.5427, device='cuda:0')",1.884621262550354,2.278149366378784,1.6951555013656616,1.7008942365646362,0.6375,0.6175,True,True,356df43bfb
2_d_hawkes,50,30,16,16,0.0001,1.5508785861318801,"tensor(1.5561, device='cuda:0')","tensor(1.5575, device='cuda:0')",1.8859440088272095,2.2746877670288086,1.6997950077056885,1.7045985460281372,0.54,0.5425,True,False,66c27e53f3
2_d_hawkes,50,30,32,32,0.0001,1.5367120845599689,"tensor(1.5854, device='cuda:0')","tensor(1.5888, device='cuda:0')",1.8809584379196167,2.2703211307525635,1.6762651205062866,1.68441903591156,0.6225,0.6175,True,False,13aedda8a2
2_d_hawkes,50,30,64,64,0.0001,1.5316051107293416,"tensor(1.6072, device='cuda:0')","tensor(1.6093, device='cuda:0')",1.878065586090088,2.2693753242492676,1.6694103479385376,1.676922082901001,0.615,0.5775,True,False,f3b47afe2c
2_d_hawkes,50,30,16,16,0.0001,1.5494497185076228,"tensor(1.5472, device='cuda:0')","tensor(1.5496, device='cuda:0')",1.8668643236160278,2.2641592025756836,1.699819564819336,1.7056204080581665,0.6375,0.6175,True,True,267e1b8665
2_d_hawkes,50,30,32,32,0.0001,1.546791370869688,"tensor(1.5485, device='cuda:0')","tensor(1.5510, device='cuda:0')",1.8849831819534302,2.2784154415130615,1.6940302848815918,1.6999176740646362,0.6375,0.6175,True,True,04217715ad
2_d_hawkes,50,30,64,64,0.0001,1.5316051107293416,"tensor(1.6072, device='cuda:0')","tensor(1.6093, device='cuda:0')",1.878065586090088,2.2693753242492676,1.6694103479385376,1.676922082901001,0.615,0.5775,True,False,727e0b4f22
2_d_hawkes,50,30,64,64,0.0001,1.5433487217386173,"tensor(1.5722, device='cuda:0')","tensor(1.5748, device='cuda:0')",1.898722529411316,2.288634777069092,1.6942510604858398,1.7006065845489502,0.6375,0.6175,True,True,7e923d157b
2_d_hawkes,50,30,16,16,0.0005,1.5446279764900828,"tensor(1.5852, device='cuda:0')","tensor(1.5881, device='cuda:0')",1.8754488229751587,2.2705678939819336,1.6904630661010742,1.6965186595916748,0.6375,0.6175,True,True,b52ec1a4aa
2_d_hawkes,50,30,64,64,0.0005,1.5262240435368386,"tensor(1.6316, device='cuda:0')","tensor(1.6344, device='cuda:0')",1.8663527965545654,2.2553062438964844,1.6638209819793701,1.6710870265960693,0.635,0.595,True,False,54534a6910
2_d_hawkes,50,30,16,16,1e-05,1.5603204251359457,"tensor(1.5685, device='cuda:0')","tensor(1.5714, device='cuda:0')",1.858000636100769,2.2566981315612793,1.70830500125885,1.7141953706741333,0.6375,0.6175,True,True,fb41ae3483
2_d_hawkes,50,30,16,16,5e-05,1.5513453648472637,"tensor(1.5469, device='cuda:0')","tensor(1.5495, device='cuda:0')",1.8635473251342773,2.261413335800171,1.7037664651870728,1.7097281217575073,0.6375,0.6175,True,True,64e4ff35fa
2_d_hawkes,50,30,16,16,1e-05,1.560243493077207,"tensor(1.5686, device='cuda:0')","tensor(1.5716, device='cuda:0')",1.857738733291626,2.2564733028411865,1.7084474563598633,1.7143572568893433,0.6375,0.6175,True,True,a4e473e967
2_d_hawkes,50,30,16,16,5e-05,1.551198380158064,"tensor(1.5476, device='cuda:0')","tensor(1.5503, device='cuda:0')",1.863478422164917,2.261376142501831,1.7035890817642212,1.7096033096313477,0.6375,0.6175,True,True,35aebdfcfc
2_d_hawkes,50,30,16,16,5e-05,1.5513957627091457,"tensor(1.5463, device='cuda:0')","tensor(1.5489, device='cuda:0')",1.8634682893753052,2.261362075805664,1.7038229703903198,1.709774136543274,0.6375,0.6175,True,True,26ab891d7a
2_d_hawkes,50,30,16,16,5e-05,1.572236655347253,"tensor(1.5697, device='cuda:0')","tensor(1.5711, device='cuda:0')",1.8744640350341797,2.266148090362549,1.7021044492721558,1.7062323093414307,0.505,0.505,True,False,5ef48324f8
2_d_hawkes,50,30,32,32,5e-05,1.5488199241338032,"tensor(1.5469, device='cuda:0')","tensor(1.5494, device='cuda:0')",1.8838214874267578,2.2780871391296387,1.699216604232788,1.7049407958984375,0.6375,0.6175,True,True,a802c21da9
2_d_hawkes,50,30,32,32,5e-05,1.546850619513604,"tensor(1.5487, device='cuda:0')","tensor(1.5517, device='cuda:0')",1.8843532800674438,2.2766857147216797,1.686063528060913,1.6935431957244873,0.5875,0.555,True,False,0ed6f141c2
2_d_hawkes,50,30,32,32,5e-05,1.5492499558126371,"tensor(1.5421, device='cuda:0')","tensor(1.5444, device='cuda:0')",1.8833850622177124,2.277737855911255,1.7000712156295776,1.7056641578674316,0.6375,0.6175,True,True,82ba2d100c
2_d_hawkes,50,30,32,32,5e-05,1.5486795241637048,"tensor(1.5454, device='cuda:0')","tensor(1.5484, device='cuda:0')",1.8854854106903076,2.2784199714660645,1.6892756223678589,1.6964281797409058,0.5875,0.5525,True,False,dec7dd4a70
2_d_hawkes,50,30,32,32,5e-05,1.5490507185815197,"tensor(1.5449, device='cuda:0')","tensor(1.5473, device='cuda:0')",1.8837165832519531,2.2780065536499023,1.699709177017212,1.7053674459457397,0.6375,0.6175,True,True,1dfaa2bc07
2_d_hawkes,50,30,32,32,5e-05,1.5475672398776852,"tensor(1.5480, device='cuda:0')","tensor(1.5510, device='cuda:0')",1.8847688436508179,2.277289628982544,1.687139630317688,1.6944838762283325,0.585,0.5525,True,False,520ce64a02
2_d_hawkes,50,30,16,16,0.0001,1.5499003322950535,"tensor(1.5431, device='cuda:0')","tensor(1.5453, device='cuda:0')",1.8665302991867065,2.263890504837036,1.7004512548446655,1.7061587572097778,0.6375,0.6175,True,True,368d90ac89
2_d_hawkes,50,30,32,32,0.0005,1.542330301893097,"tensor(1.5940, device='cuda:0')","tensor(1.5971, device='cuda:0')",1.893164873123169,2.2835354804992676,1.6859395503997803,1.692574381828308,0.6375,0.6175,True,True,50658df916
2_d_hawkes,50,30,32,32,0.0005,1.532363568561198,"tensor(1.6474, device='cuda:0')","tensor(1.6502, device='cuda:0')",1.856105089187622,2.2549283504486084,1.6681816577911377,1.67626953125,0.6425,0.615,True,False,d2e8eee296
2_d_hawkes,50,30,16,16,5e-05,1.5514505379961816,"tensor(1.5449, device='cuda:0')","tensor(1.5475, device='cuda:0')",1.863519310951233,2.2613887786865234,1.7039743661880493,1.709903359413147,0.6375,0.6175,True,True,7a66a0e0a5
2_d_hawkes,50,30,32,32,5e-05,1.5490507185815197,"tensor(1.5449, device='cuda:0')","tensor(1.5473, device='cuda:0')",1.8837165832519531,2.2780065536499023,1.699709177017212,1.7053674459457397,0.6375,0.6175,True,True,1aebc966cf
2_d_hawkes,50,30,32,32,5e-05,1.5475672398776852,"tensor(1.5480, device='cuda:0')","tensor(1.5510, device='cuda:0')",1.8847688436508179,2.277289628982544,1.687139630317688,1.6944838762283325,0.585,0.5525,True,False,deb6d6845c
2_d_hawkes,50,30,16,16,5e-05,1.5514403692332277,"tensor(1.5448, device='cuda:0')","tensor(1.5474, device='cuda:0')",1.8635205030441284,2.2613906860351562,1.7039684057235718,1.7098963260650635,0.6375,0.6175,True,True,4e89433e78
2_d_hawkes,50,30,32,32,5e-05,1.5490497454362633,"tensor(1.5449, device='cuda:0')","tensor(1.5473, device='cuda:0')",1.8836898803710938,2.277982473373413,1.6996909379959106,1.7053495645523071,0.6375,0.6175,True,True,abeaca8cee
2_d_hawkes,50,30,32,32,5e-05,1.5475821283087077,"tensor(1.5505, device='cuda:0')","tensor(1.5535, device='cuda:0')",1.8847594261169434,2.277268648147583,1.6870592832565308,1.694411039352417,0.5825,0.5525,True,False,426b15ca05
2_d_hawkes,50,30,16,16,5e-05,1.5514291339860407,"tensor(1.5446, device='cuda:0')","tensor(1.5472, device='cuda:0')",1.863520622253418,2.261387348175049,1.7039616107940674,1.7098886966705322,0.6375,0.6175,True,True,29d2b68b83
2_d_hawkes,50,30,32,32,5e-05,1.5488199241338032,"tensor(1.5469, device='cuda:0')","tensor(1.5494, device='cuda:0')",1.8838214874267578,2.2780871391296387,1.699216604232788,1.7049407958984375,0.6375,0.6175,True,True,ccf6dd9a40
2_d_hawkes,50,30,32,32,5e-05,1.546850619513604,"tensor(1.5487, device='cuda:0')","tensor(1.5517, device='cuda:0')",1.8843532800674438,2.2766857147216797,1.686063528060913,1.6935431957244873,0.5875,0.555,True,False,31f57ff5ac
2_d_hawkes,50,30,32,32,5e-05,1.548814101683011,"tensor(1.5470, device='cuda:0')","tensor(1.5495, device='cuda:0')",1.8838064670562744,2.278073310852051,1.6991876363754272,1.7049146890640259,0.6375,0.6175,True,True,41695f5fc3
2_d_hawkes,50,30,32,32,5e-05,1.5468126737626045,"tensor(1.5479, device='cuda:0')","tensor(1.5509, device='cuda:0')",1.8842766284942627,2.276611328125,1.6859910488128662,1.6934751272201538,0.585,0.56,True,False,86787d8079
2_d_hawkes,50,30,32,32,5e-05,1.5488809185622823,"tensor(1.5465, device='cuda:0')","tensor(1.5490, device='cuda:0')",1.8838045597076416,2.2780754566192627,1.699361801147461,1.7050689458847046,0.6375,0.6175,True,True,4440c46c00
2_d_hawkes,50,30,32,32,5e-05,1.5470470980594122,"tensor(1.5486, device='cuda:0')","tensor(1.5516, device='cuda:0')",1.8844194412231445,2.276808023452759,1.6863354444503784,1.6937757730484009,0.585,0.56,True,False,d382641d65
2_d_hawkes,50,30,32,32,5e-05,1.5488765566936242,"tensor(1.5467, device='cuda:0')","tensor(1.5492, device='cuda:0')",1.883813500404358,2.278083086013794,1.699351191520691,1.705060362815857,0.6375,0.6175,True,True,b1af84653b
2_d_hawkes,50,30,32,32,5e-05,1.547005983104456,"tensor(1.5478, device='cuda:0')","tensor(1.5508, device='cuda:0')",1.8843951225280762,2.2767887115478516,1.6863160133361816,1.6937628984451294,0.5825,0.56,True,False,26c017fcc7
2_d_hawkes,50,30,32,32,5e-05,1.5489747475685405,"tensor(1.5458, device='cuda:0')","tensor(1.5483, device='cuda:0')",1.8837496042251587,2.2780306339263916,1.6995171308517456,1.705196738243103,0.6375,0.6175,True,True,e39d47b642
2_d_hawkes,50,30,32,32,5e-05,1.5473310317693243,"tensor(1.5483, device='cuda:0')","tensor(1.5513, device='cuda:0')",1.8845664262771606,2.277012586593628,1.6867271661758423,1.6941124200820923,0.585,0.5525,True,False,95c9d6851e
2_d_hawkes,50,30,32,32,5e-05,1.5489705455860925,"tensor(1.5459, device='cuda:0')","tensor(1.5484, device='cuda:0')",1.8837541341781616,2.2780344486236572,1.699514389038086,1.7051955461502075,0.6375,0.6175,True,True,c0ba03ad68
2_d_hawkes,50,30,32,32,5e-05,1.5472956070349435,"tensor(1.5479, device='cuda:0')","tensor(1.5509, device='cuda:0')",1.8845535516738892,2.277003288269043,1.6867237091064453,1.694115161895752,0.585,0.5525,True,False,048898a1f8
2_d_hawkes,50,30,32,32,5e-05,1.5488189380248,"tensor(1.5469, device='cuda:0')","tensor(1.5494, device='cuda:0')",1.8838106393814087,2.2780768871307373,1.6992082595825195,1.7049323320388794,0.6375,0.6175,True,True,fc178df10d
2_d_hawkes,50,30,32,32,5e-05,1.5468505062968825,"tensor(1.5514, device='cuda:0')","tensor(1.5544, device='cuda:0')",1.8842922449111938,2.27659273147583,1.6858667135238647,1.6933584213256836,0.585,0.5575,True,False,dbf292e3e6
2_d_hawkes,50,30,32,32,5e-05,1.548813035198778,"tensor(1.5470, device='cuda:0')","tensor(1.5495, device='cuda:0')",1.8838157653808594,2.278081178665161,1.6991961002349854,1.704923391342163,0.6375,0.6175,True,True,7f7178bdf2
2_d_hawkes,50,30,32,32,5e-05,1.5468171946532225,"tensor(1.5509, device='cuda:0')","tensor(1.5539, device='cuda:0')",1.884228229522705,2.2765352725982666,1.6858272552490234,1.6933245658874512,0.585,0.5575,True,False,2482374ac7
2_d_hawkes,50,30,32,32,5e-05,1.5488797941733137,"tensor(1.5465, device='cuda:0')","tensor(1.5490, device='cuda:0')",1.8838117122650146,2.2780816555023193,1.699360966682434,1.7050679922103882,0.6375,0.6175,True,True,7468d7a33d
2_d_hawkes,50,30,32,32,5e-05,1.5470483339366028,"tensor(1.5511, device='cuda:0')","tensor(1.5541, device='cuda:0')",1.8844188451766968,2.2767865657806396,1.6862372159957886,1.6936908960342407,0.585,0.56,True,False,3f2ab41b5a
2_d_hawkes,50,30,32,32,5e-05,1.5488753502009263,"tensor(1.5467, device='cuda:0')","tensor(1.5492, device='cuda:0')",1.8838189840316772,2.2780873775482178,1.6993476152420044,1.7050566673278809,0.6375,0.6175,True,True,eabe9ffcca
2_d_hawkes,50,30,32,32,5e-05,1.547014294594625,"tensor(1.5505, device='cuda:0')","tensor(1.5535, device='cuda:0')",1.8843927383422852,2.2767679691314697,1.6862108707427979,1.6936697959899902,0.585,0.56,True,False,6324a2e6df
2_d_hawkes,50,30,32,32,5e-05,1.5489740129562244,"tensor(1.5458, device='cuda:0')","tensor(1.5483, device='cuda:0')",1.8837518692016602,2.2780325412750244,1.6995149850845337,1.7051944732666016,0.6375,0.6175,True,True,cc37fca0d5
2_d_hawkes,50,30,32,32,5e-05,1.5473390200300743,"tensor(1.5509, device='cuda:0')","tensor(1.5538, device='cuda:0')",1.8846328258514404,2.2770578861236572,1.6866950988769531,1.6940900087356567,0.585,0.5525,True,False,2015d9c132
2_d_hawkes,50,30,32,32,5e-05,1.5489695076221024,"tensor(1.5459, device='cuda:0')","tensor(1.5484, device='cuda:0')",1.8837435245513916,2.278024435043335,1.6995046138763428,1.705185890197754,0.6375,0.6175,True,True,71db070b39
2_d_hawkes,50,30,32,32,5e-05,1.5473059996385914,"tensor(1.5502, device='cuda:0')","tensor(1.5532, device='cuda:0')",1.8845810890197754,2.277017831802368,1.6866481304168701,1.694046974182129,0.585,0.5525,True,False,a569a3b462
2_d_hawkes,50,30,32,32,5e-05,1.5488177669663432,"tensor(1.5469, device='cuda:0')","tensor(1.5494, device='cuda:0')",1.8838104009628296,2.278076171875,1.6992056369781494,1.7049298286437988,0.6375,0.6175,True,True,785c732486
2_d_hawkes,50,30,32,32,5e-05,1.5468048056325745,"tensor(1.5551, device='cuda:0')","tensor(1.5580, device='cuda:0')",1.8842447996139526,2.2765321731567383,1.6856054067611694,1.6931216716766357,0.5875,0.5575,True,False,f254f0e23f
2_d_hawkes,50,30,32,32,5e-05,1.548812235767728,"tensor(1.5470, device='cuda:0')","tensor(1.5495, device='cuda:0')",1.8838129043579102,2.2780778408050537,1.6991899013519287,1.704917073249817,0.6375,0.6175,True,True,663f0c4630
2_d_hawkes,50,30,32,32,5e-05,1.5467671857037433,"tensor(1.5551, device='cuda:0')","tensor(1.5580, device='cuda:0')",1.8841843605041504,2.2764787673950195,1.6855382919311523,1.6930630207061768,0.585,0.56,True,False,ce71a4baf1
2_d_hawkes,50,30,32,32,5e-05,1.5488789619007721,"tensor(1.5465, device='cuda:0')","tensor(1.5490, device='cuda:0')",1.8838313817977905,2.2780983448028564,1.6993739604949951,1.7050809860229492,0.6375,0.6175,True,True,0a0eafd194
2_d_hawkes,50,30,32,32,5e-05,1.5470074186233467,"tensor(1.5549, device='cuda:0')","tensor(1.5579, device='cuda:0')",1.8844369649887085,2.2767579555511475,1.6859627962112427,1.693439245223999,0.585,0.56,True,False,4171b9e19c
2_d_hawkes,50,30,32,32,5e-05,1.5488744660733977,"tensor(1.5467, device='cuda:0')","tensor(1.5492, device='cuda:0')",1.883808970451355,2.278078556060791,1.6993447542190552,1.7050540447235107,0.6375,0.6175,True,True,082f62ce5d
2_d_hawkes,50,30,32,32,5e-05,1.5469708850564934,"tensor(1.5550, device='cuda:0')","tensor(1.5580, device='cuda:0')",1.8843668699264526,2.2767035961151123,1.685886263847351,1.693373441696167,0.585,0.56,True,False,ea88a16434
2_d_hawkes,50,30,32,32,5e-05,1.5489729637569871,"tensor(1.5458, device='cuda:0')","tensor(1.5483, device='cuda:0')",1.8837538957595825,2.278033494949341,1.6995116472244263,1.7051911354064941,0.6375,0.6175,True,True,57605855b5
2_d_hawkes,50,30,32,32,5e-05,1.54730632546076,"tensor(1.5546, device='cuda:0')","tensor(1.5576, device='cuda:0')",1.8846458196640015,2.277029037475586,1.6865085363388062,1.6939274072647095,0.585,0.5525,True,False,8d0c909867
2_d_hawkes,50,30,32,32,5e-05,1.5489687332542963,"tensor(1.5459, device='cuda:0')","tensor(1.5484, device='cuda:0')",1.8837387561798096,2.2780203819274902,1.6994911432266235,1.705172061920166,0.6375,0.6175,True,True,b7145168fb
2_d_hawkes,50,30,32,32,5e-05,1.5472711643225632,"tensor(1.5547, device='cuda:0')","tensor(1.5576, device='cuda:0')",1.8846368789672852,2.2770280838012695,1.686467170715332,1.6938951015472412,0.585,0.5525,True,False,d407051db8
2_d_hawkes,50,30,32,32,5e-05,1.5488165881296385,"tensor(1.5469, device='cuda:0')","tensor(1.5494, device='cuda:0')",1.8838096857070923,2.278074264526367,1.6992031335830688,1.7049273252487183,0.6375,0.6175,True,True,1763e6857d
2_d_hawkes,50,30,32,32,5e-05,1.546707223189506,"tensor(1.5559, device='cuda:0')","tensor(1.5588, device='cuda:0')",1.8841708898544312,2.27644681930542,1.6854419708251953,1.6929762363433838,0.59,0.5575,True,False,ff0e0cd62f
2_d_hawkes,50,30,32,32,5e-05,1.548811101872012,"tensor(1.5470, device='cuda:0')","tensor(1.5495, device='cuda:0')",1.883806824684143,2.278071403503418,1.6991816759109497,1.7049087285995483,0.6375,0.6175,True,True,b4ba8436dd
2_d_hawkes,50,30,32,32,5e-05,1.5466631671925362,"tensor(1.5559, device='cuda:0')","tensor(1.5588, device='cuda:0')",1.8841379880905151,2.276416063308716,1.6853924989700317,1.6929363012313843,0.5875,0.5575,True,False,c709f0b937
2_d_hawkes,50,30,32,32,5e-05,1.5488777268878313,"tensor(1.5465, device='cuda:0')","tensor(1.5490, device='cuda:0')",1.8838192224502563,2.2780871391296387,1.6993584632873535,1.705065369606018,0.6375,0.6175,True,True,b640e35f60
2_d_hawkes,50,30,32,32,5e-05,1.546911598385587,"tensor(1.5560, device='cuda:0')","tensor(1.5589, device='cuda:0')",1.8842792510986328,2.276592969894409,1.6857370138168335,1.693234920501709,0.585,0.56,True,False,d8cf62bab7
2_d_hawkes,50,30,32,32,5e-05,1.548873263037699,"tensor(1.5467, device='cuda:0')","tensor(1.5492, device='cuda:0')",1.8838105201721191,2.27807879447937,1.6993378400802612,1.7050471305847168,0.6375,0.6175,True,True,f88e4d4a42
2_d_hawkes,50,30,32,32,5e-05,1.546867462877637,"tensor(1.5560, device='cuda:0')","tensor(1.5589, device='cuda:0')",1.8843225240707397,2.276632070541382,1.6857097148895264,1.6932177543640137,0.585,0.56,True,False,2a1ded6da2
2_d_hawkes,50,30,32,32,5e-05,1.5489719949329797,"tensor(1.5458, device='cuda:0')","tensor(1.5483, device='cuda:0')",1.8837522268295288,2.278031826019287,1.699508547782898,1.7051879167556763,0.6375,0.6175,True,True,dc91352329
2_d_hawkes,50,30,32,32,5e-05,1.547215506636498,"tensor(1.5560, device='cuda:0')","tensor(1.5589, device='cuda:0')",1.8845534324645996,2.2769248485565186,1.6862956285476685,1.693737268447876,0.5825,0.5525,True,False,ae43e25298
2_d_hawkes,50,30,32,32,5e-05,1.5489676572633155,"tensor(1.5459, device='cuda:0')","tensor(1.5484, device='cuda:0')",1.8837472200393677,2.278027296066284,1.6994990110397339,1.7051801681518555,0.6375,0.6175,True,True,10c5a0c5bf
2_d_hawkes,50,30,32,32,5e-05,1.547170309829814,"tensor(1.5561, device='cuda:0')","tensor(1.5590, device='cuda:0')",1.8844839334487915,2.276859760284424,1.6861776113510132,1.6936298608779907,0.5825,0.555,True,False,5e9297208f
2_d_hawkes,50,30,32,32,5e-05,1.5487518635990933,"tensor(1.5500, device='cuda:0')","tensor(1.5525, device='cuda:0')",1.8838907480239868,2.278135299682617,1.698853850364685,1.704573392868042,0.6375,0.6175,True,True,a84cf3733b
2_d_hawkes,50,30,32,32,5e-05,1.5465622020758145,"tensor(1.5535, device='cuda:0')","tensor(1.5564, device='cuda:0')",1.884232521057129,2.276495933532715,1.6854239702224731,1.6929757595062256,0.59,0.5575,True,False,1338d2be84
2_d_hawkes,50,30,32,32,5e-05,1.5487444319152042,"tensor(1.5502, device='cuda:0')","tensor(1.5527, device='cuda:0')",1.883890986442566,2.2781357765197754,1.698836088180542,1.7045592069625854,0.6375,0.6175,True,True,b05d8452b1
2_d_hawkes,50,30,32,32,5e-05,1.5465326309052183,"tensor(1.5535, device='cuda:0')","tensor(1.5564, device='cuda:0')",1.8841623067855835,2.276421546936035,1.6853492259979248,1.692908525466919,0.59,0.5575,True,False,cf00dc2531
2_d_hawkes,50,30,32,32,5e-05,1.5488199224053036,"tensor(1.5495, device='cuda:0')","tensor(1.5520, device='cuda:0')",1.8838186264038086,2.278078079223633,1.6990138292312622,1.7047175168991089,0.6375,0.6175,True,True,e0acce1b5c
2_d_hawkes,50,30,32,32,5e-05,1.5467653828786947,"tensor(1.5537, device='cuda:0')","tensor(1.5566, device='cuda:0')",1.8843656778335571,2.276674747467041,1.6857279539108276,1.6932440996170044,0.585,0.56,True,False,2d4e96ad95
2_d_hawkes,50,30,32,32,5e-05,1.5488139193263066,"tensor(1.5498, device='cuda:0')","tensor(1.5522, device='cuda:0')",1.8838090896606445,2.278068780899048,1.698974847793579,1.7046805620193481,0.6375,0.6175,True,True,c5ded6a286
2_d_hawkes,50,30,32,32,5e-05,1.5467328404173422,"tensor(1.5538, device='cuda:0')","tensor(1.5567, device='cuda:0')",1.8842861652374268,2.276597261428833,1.6856404542922974,1.6931636333465576,0.5875,0.56,True,False,468a5c1511
2_d_hawkes,50,30,32,32,5e-05,1.548924027341489,"tensor(1.5486, device='cuda:0')","tensor(1.5510, device='cuda:0')",1.883753776550293,2.2780280113220215,1.6992518901824951,1.7049297094345093,0.6375,0.6175,True,True,b457109499
2_d_hawkes,50,30,32,32,5e-05,1.5470670751931606,"tensor(1.5540, device='cuda:0')","tensor(1.5569, device='cuda:0')",1.8843977451324463,2.2767817974090576,1.6860811710357666,1.6935433149337769,0.5825,0.5525,True,False,e14b6a0e7f
2_d_hawkes,50,30,32,32,5e-05,1.5489182774876786,"tensor(1.5487, device='cuda:0')","tensor(1.5512, device='cuda:0')",1.883744716644287,2.278019905090332,1.6992307901382446,1.7049106359481812,0.6375,0.6175,True,True,ad66cac07a
2_d_hawkes,50,30,32,32,5e-05,1.5470349069519644,"tensor(1.5541, device='cuda:0')","tensor(1.5569, device='cuda:0')",1.8843845129013062,2.276768445968628,1.6860556602478027,1.6935255527496338,0.5825,0.555,True,False,2bdf0a4fc9
2_d_hawkes,50,30,64,64,5e-05,1.546176524560126,"tensor(1.5463, device='cuda:0')","tensor(1.5483, device='cuda:0')",1.8935563564300537,2.285170078277588,1.6978318691253662,1.7035843133926392,0.6375,0.6175,True,True,4e252edf21
2_d_hawkes,50,30,64,64,5e-05,1.5400474630078969,"tensor(1.5542, device='cuda:0')","tensor(1.5555, device='cuda:0')",1.894555687904358,2.283780813217163,1.6808172464370728,1.6877723932266235,0.575,0.5825,True,False,ee286bdc95
2_d_hawkes,50,30,64,64,5e-05,1.5461727849513123,"tensor(1.5465, device='cuda:0')","tensor(1.5486, device='cuda:0')",1.8935977220535278,2.2852072715759277,1.6978704929351807,1.7036263942718506,0.6375,0.6175,True,True,4ba59dd611
2_d_hawkes,50,30,64,64,5e-05,1.5400298582398044,"tensor(1.5552, device='cuda:0')","tensor(1.5565, device='cuda:0')",1.8945717811584473,2.2837750911712646,1.6807862520217896,1.6877472400665283,0.575,0.5825,True,False,1c15c717fb
2_d_hawkes,50,30,64,64,5e-05,1.5462671852266774,"tensor(1.5463, device='cuda:0')","tensor(1.5483, device='cuda:0')",1.893467664718628,2.285090684890747,1.6979293823242188,1.703660249710083,0.6375,0.6175,True,True,ae19f38dee
2_d_hawkes,50,30,64,64,5e-05,1.5403224984020367,"tensor(1.5538, device='cuda:0')","tensor(1.5551, device='cuda:0')",1.8946523666381836,2.2840118408203125,1.6811480522155762,1.6880782842636108,0.575,0.585,True,False,f225891114
2_d_hawkes,50,30,64,64,5e-05,1.5462626643360593,"tensor(1.5465, device='cuda:0')","tensor(1.5486, device='cuda:0')",1.8934701681137085,2.285093069076538,1.697890281677246,1.7036240100860596,0.6375,0.6175,True,True,6b7e74d3dd
2_d_hawkes,50,30,64,64,5e-05,1.54030602925816,"tensor(1.5548, device='cuda:0')","tensor(1.5561, device='cuda:0')",1.894641399383545,2.2839884757995605,1.6811509132385254,1.688083529472351,0.575,0.585,True,False,ac40b9a4c3
2_d_hawkes,50,30,64,64,5e-05,1.5464155501227816,"tensor(1.5460, device='cuda:0')","tensor(1.5480, device='cuda:0')",1.8933676481246948,2.285000801086426,1.6980857849121094,1.7037811279296875,0.6375,0.6175,True,True,f8b0d347b7
2_d_hawkes,50,30,64,64,5e-05,1.5407516839803324,"tensor(1.5531, device='cuda:0')","tensor(1.5545, device='cuda:0')",1.894970178604126,2.284451723098755,1.6817779541015625,1.6886494159698486,0.57,0.5825,True,False,65ac513b59
2_d_hawkes,50,30,64,64,5e-05,1.5464093966643222,"tensor(1.5463, device='cuda:0')","tensor(1.5483, device='cuda:0')",1.893399715423584,2.285029649734497,1.6981000900268555,1.7037999629974365,0.6375,0.6175,True,True,1adbbb9738
2_d_hawkes,50,30,64,64,5e-05,1.540734965932518,"tensor(1.5541, device='cuda:0')","tensor(1.5554, device='cuda:0')",1.8949437141418457,2.2844302654266357,1.68174147605896,1.6886173486709595,0.57,0.5825,True,False,8eba674da7
2_d_hawkes,50,30,64,64,5e-05,1.5461761425617215,"tensor(1.5463, device='cuda:0')","tensor(1.5483, device='cuda:0')",1.8936002254486084,2.2852084636688232,1.6978586912155151,1.703611135482788,0.6375,0.6175,True,True,4edb9159b9
2_d_hawkes,50,30,64,64,5e-05,1.5398178171481427,"tensor(1.5607, device='cuda:0')","tensor(1.5621, device='cuda:0')",1.8942886590957642,2.283409595489502,1.6802905797958374,1.6872910261154175,0.5775,0.5875,True,False,658fa6358c
2_d_hawkes,50,30,64,64,5e-05,1.5461726146941048,"tensor(1.5465, device='cuda:0')","tensor(1.5486, device='cuda:0')",1.8936026096343994,2.2852110862731934,1.6978682279586792,1.70362389087677,0.6375,0.6175,True,True,cac035a526
2_d_hawkes,50,30,64,64,5e-05,1.5397915500044692,"tensor(1.5617, device='cuda:0')","tensor(1.5631, device='cuda:0')",1.8942043781280518,2.2833285331726074,1.680246114730835,1.6872496604919434,0.5775,0.5875,True,False,c2f831937b
2_d_hawkes,50,30,64,64,5e-05,1.5462676536500601,"tensor(1.5463, device='cuda:0')","tensor(1.5483, device='cuda:0')",1.893492579460144,2.2851126194000244,1.697941780090332,1.7036725282669067,0.6375,0.6175,True,True,041a15333d
2_d_hawkes,50,30,64,64,5e-05,1.5401073313189078,"tensor(1.5603, device='cuda:0')","tensor(1.5617, device='cuda:0')",1.8942232131958008,2.283496379852295,1.6806000471115112,1.6875628232955933,0.575,0.58,True,False,cdb6b194a2
2_d_hawkes,50,30,64,64,5e-05,1.546262685078054,"tensor(1.5465, device='cuda:0')","tensor(1.5486, device='cuda:0')",1.8934768438339233,2.2850990295410156,1.6979008913040161,1.70363450050354,0.6375,0.6175,True,True,dd3d652c06
2_d_hawkes,50,30,64,64,5e-05,1.540083065777733,"tensor(1.5612, device='cuda:0')","tensor(1.5627, device='cuda:0')",1.894225835800171,2.283485174179077,1.6805843114852905,1.6875518560409546,0.575,0.5825,True,False,2a395dc1a6
2_d_hawkes,50,30,64,64,5e-05,1.5464158889086967,"tensor(1.5460, device='cuda:0')","tensor(1.5480, device='cuda:0')",1.893356204032898,2.2849905490875244,1.6980743408203125,1.7037694454193115,0.6375,0.6175,True,True,ee3e30b153
2_d_hawkes,50,30,64,64,5e-05,1.5405701707837776,"tensor(1.5593, device='cuda:0')","tensor(1.5607, device='cuda:0')",1.8946399688720703,2.2840676307678223,1.6813627481460571,1.6882632970809937,0.575,0.5825,True,False,7c7623dac4
2_d_hawkes,50,30,64,64,5e-05,1.546408789960974,"tensor(1.5463, device='cuda:0')","tensor(1.5483, device='cuda:0')",1.893426537513733,2.28505277633667,1.698108434677124,1.7038081884384155,0.6375,0.6175,True,True,4c660a1669
2_d_hawkes,50,30,16,16,5e-05,1.5541645701119249,"tensor(1.5583, device='cuda:0')","tensor(1.5601, device='cuda:0')",1.8647511005401611,2.2640180587768555,1.7070907354354858,1.7134497165679932,0.6375,0.6175,False,True,574d8c8630
2_d_hawkes,50,30,16,16,5e-05,1.560043918788674,"tensor(1.5889, device='cuda:0')","tensor(1.5923, device='cuda:0')",1.8484338521957397,2.2459557056427,1.7003742456436157,1.7078534364700317,0.595,0.5425,False,False,8dd58fa9d8
2_d_hawkes,50,30,32,32,5e-05,1.5492763482725291,"tensor(1.5443, device='cuda:0')","tensor(1.5471, device='cuda:0')",1.8635714054107666,2.2618844509124756,1.7002975940704346,1.7066253423690796,0.6375,0.6175,False,True,ef07f824e4
2_d_hawkes,50,30,32,32,5e-05,1.5491249783799275,"tensor(1.5608, device='cuda:0')","tensor(1.5627, device='cuda:0')",1.8470240831375122,2.233696222305298,1.6746437549591064,1.6821098327636719,0.5625,0.5325,False,False,d03698576c
2_d_hawkes,50,30,16,16,5e-05,1.5558694747958213,"tensor(1.5495, device='cuda:0')","tensor(1.5512, device='cuda:0')",1.861677646636963,2.2607738971710205,1.7095717191696167,1.715627670288086,0.6375,0.6175,False,True,b423b4a91d
2_d_hawkes,50,30,16,16,5e-05,1.5551431022371818,"tensor(1.5520, device='cuda:0')","tensor(1.5547, device='cuda:0')",1.8463672399520874,2.247196674346924,1.6965142488479614,1.7037595510482788,0.57,0.54,False,False,1c143eb9bd
2_d_hawkes,50,30,32,32,5e-05,1.5449012989411517,"tensor(1.5435, device='cuda:0')","tensor(1.5466, device='cuda:0')",1.8615596294403076,2.2614383697509766,1.6936345100402832,1.7005174160003662,0.6375,0.6175,False,True,01d42ad86f
2_d_hawkes,50,30,32,32,5e-05,1.5447251752062474,"tensor(1.5471, device='cuda:0')","tensor(1.5509, device='cuda:0')",1.8480256795883179,2.245635509490967,1.6798956394195557,1.6880581378936768,0.6225,0.5375,False,False,4da7b7bda6
2_d_hawkes,50,30,16,16,5e-05,1.5548186300269193,"tensor(1.5476, device='cuda:0')","tensor(1.5495, device='cuda:0')",1.8592151403427124,2.2592556476593018,1.7092677354812622,1.7152715921401978,0.6375,0.6175,False,True,7ca94ef7ae
2_d_hawkes,50,30,16,16,5e-05,1.5540201436020846,"tensor(1.5454, device='cuda:0')","tensor(1.5489, device='cuda:0')",1.8396714925765991,2.2609429359436035,1.6870461702346802,1.695381999015808,0.6125,0.4975,False,False,9d21339f99
2_d_hawkes,50,30,32,32,5e-05,1.5405380794608121,"tensor(1.5328, device='cuda:0')","tensor(1.5364, device='cuda:0')",1.8561861515045166,2.259056329727173,1.6863930225372314,1.693982481956482,0.6375,0.6175,False,True,1b783115e2
2_d_hawkes,50,30,32,32,5e-05,1.5376770704341172,"tensor(1.5305, device='cuda:0')","tensor(1.5336, device='cuda:0')",1.8305549621582031,2.234469413757324,1.6660782098770142,1.6741950511932373,0.625,0.5425,False,False,e6f79caae0
2_d_hawkes,50,30,8,8,5e-05,1.5557847307832886,"tensor(1.5480, device='cuda:0')","tensor(1.5512, device='cuda:0')",1.8492035865783691,2.248847484588623,1.712215542793274,1.718849539756775,0.6375,0.6175,False,True,2d811a3e65
2_d_hawkes,50,30,8,8,5e-05,1.610902208014386,"tensor(1.5992, device='cuda:0')","tensor(1.6053, device='cuda:0')",1.8134486675262451,2.225942850112915,1.6999540328979492,1.7078462839126587,0.5475,0.49,False,False,dd346353db
2_d_hawkes,50,30,16,16,5e-05,1.5548186300269193,"tensor(1.5476, device='cuda:0')","tensor(1.5495, device='cuda:0')",1.8592151403427124,2.2592556476593018,1.7092677354812622,1.7152715921401978,0.6375,0.6175,False,True,6daeba0ee4
2_d_hawkes,50,30,16,16,5e-05,1.5540201436020846,"tensor(1.5454, device='cuda:0')","tensor(1.5489, device='cuda:0')",1.8396714925765991,2.2609429359436035,1.6870461702346802,1.695381999015808,0.6125,0.4975,False,False,53eccc4ca9
2_d_hawkes,50,30,8,8,5e-05,1.5558386763905323,"tensor(1.5483, device='cuda:0')","tensor(1.5512, device='cuda:0')",1.8479278087615967,2.2485148906707764,1.7122257947921753,1.7187548875808716,0.6375,0.6175,False,True,c4ed7805a4
2_d_hawkes,50,30,8,8,5e-05,1.6113210571652696,"tensor(1.6037, device='cuda:0')","tensor(1.6042, device='cuda:0')",1.824756145477295,2.230156183242798,1.7021983861923218,1.7096222639083862,0.4675,0.4675,False,False,b3e74b9051
2_d_hawkes,50,30,16,16,5e-05,1.5544449500267268,"tensor(1.5472, device='cuda:0')","tensor(1.5492, device='cuda:0')",1.8567630052566528,2.2566285133361816,1.7070077657699585,1.7128866910934448,0.6375,0.6175,False,True,81b52f7d2a
2_d_hawkes,50,30,16,16,5e-05,1.551073388033108,"tensor(1.5424, device='cuda:0')","tensor(1.5461, device='cuda:0')",1.8363515138626099,2.25920033454895,1.6815789937973022,1.6899605989456177,0.62,0.495,False,False,b8368ef6ae
2_d_hawkes,50,30,8,8,5e-05,1.5553778851976496,"tensor(1.5480, device='cuda:0')","tensor(1.5505, device='cuda:0')",1.8549002408981323,2.2536752223968506,1.7113721370697021,1.7175183296203613,0.6375,0.6175,False,True,c7f5bd5c8c
2_d_hawkes,50,30,8,8,5e-05,1.5524651689706506,"tensor(1.5457, device='cuda:0')","tensor(1.5476, device='cuda:0')",1.7958754301071167,2.202887773513794,1.6874299049377441,1.6945254802703857,0.5825,0.56,False,False,c318185bbd
2_d_hawkes,50,30,16,16,5e-05,1.5497621041846614,"tensor(1.5419, device='cuda:0')","tensor(1.5454, device='cuda:0')",1.8516837358474731,2.2530436515808105,1.7043136358261108,1.7110724449157715,0.6375,0.6175,False,True,ac187b8073
2_d_hawkes,50,30,16,16,5e-05,1.5694914575200627,"tensor(1.5624, device='cuda:0')","tensor(1.5658, device='cuda:0')",1.8532185554504395,2.260878801345825,1.6944947242736816,1.7025997638702393,0.52,0.4825,False,False,641dda5509
2_d_hawkes,50,30,8,8,5e-05,1.556531205791895,"tensor(1.5491, device='cuda:0')","tensor(1.5520, device='cuda:0')",1.8490287065505981,2.2492945194244385,1.7131167650222778,1.719496250152588,0.6375,0.6175,False,True,57ca4368e4
2_d_hawkes,50,30,8,8,5e-05,1.6065971871144755,"tensor(1.5966, device='cuda:0')","tensor(1.5980, device='cuda:0')",1.822090983390808,2.216930389404297,1.6969306468963623,1.7048286199569702,0.4525,0.49,False,False,bba90945fc
2_d_hawkes,50,30,16,16,5e-05,1.5558611875046462,"tensor(1.5487, device='cuda:0')","tensor(1.5503, device='cuda:0')",1.8587133884429932,2.2578184604644775,1.7087230682373047,1.7146234512329102,0.6375,0.6175,False,True,02edab3045
2_d_hawkes,50,30,16,16,5e-05,1.5484600963291426,"tensor(1.5413, device='cuda:0')","tensor(1.5445, device='cuda:0')",1.8338555097579956,2.2375905513763428,1.6857783794403076,1.6933860778808594,0.58,0.5275,False,False,13ca734cae
2_d_hawkes,50,30,16,16,5e-05,1.5540663334317701,"tensor(1.5466, device='cuda:0')","tensor(1.5490, device='cuda:0')",1.856390357017517,2.2565488815307617,1.7084201574325562,1.714477777481079,0.6375,0.6175,False,True,8b2a7540c2
2_d_hawkes,50,30,16,16,5e-05,1.545440875144309,"tensor(1.5384, device='cuda:0')","tensor(1.5411, device='cuda:0')",1.8215705156326294,2.233671188354492,1.6761643886566162,1.6846908330917358,0.48,0.5225,False,False,1bbf1fe2b2
2_d_hawkes,50,30,16,16,5e-05,1.5517484388468468,"tensor(1.5440, device='cuda:0')","tensor(1.5462, device='cuda:0')",1.8698067665100098,2.264383316040039,1.7048370838165283,1.711153507232666,0.6375,0.6175,False,True,8bbc71ba5d
2_d_hawkes,50,30,16,16,5e-05,1.5924456016295796,"tensor(1.5833, device='cuda:0')","tensor(1.5896, device='cuda:0')",1.8652966022491455,2.258901834487915,1.6984000205993652,1.7042884826660156,0.615,0.5625,False,False,61f704335f
2_d_hawkes,50,30,16,16,5e-05,1.5480625120441849,"tensor(1.5401, device='cuda:0')","tensor(1.5436, device='cuda:0')",1.840944766998291,2.243626117706299,1.7003518342971802,1.7069765329360962,0.6375,0.6175,False,True,b74c8d4481
2_d_hawkes,50,30,16,16,5e-05,1.5772006909061673,"tensor(1.5692, device='cuda:0')","tensor(1.5744, device='cuda:0')",1.858960509300232,2.252589464187622,1.6964048147201538,1.7045936584472656,0.6,0.53,False,False,071ee9d25d
2_d_hawkes,50,30,32,32,5e-05,1.5377043885055277,"tensor(1.5290, device='cuda:0')","tensor(1.5339, device='cuda:0')",1.8452481031417847,2.2536401748657227,1.6679737567901611,1.6780924797058105,0.53,0.56,False,False,94336cc584
2_d_hawkes,50,30,64,64,5e-05,1.5229185059054395,"tensor(1.5163, device='cuda:0')","tensor(1.5198, device='cuda:0')",1.796578049659729,2.234445333480835,1.6524988412857056,1.661436676979065,0.6425,0.6075,False,False,c9e6d5b889
2_d_hawkes,50,30,32,32,5e-05,1.5281363966890467,"tensor(1.5202, device='cuda:0')","tensor(1.5237, device='cuda:0')",1.83402681350708,2.2455294132232666,1.6652729511260986,1.674405574798584,0.6375,0.6175,False,True,2dc4965c8d
2_d_hawkes,1,5,32,32,5e-05,1.831072559105213,"tensor(1.7359, device='cuda:0')","tensor(1.7364, device='cuda:0')",1.9148014783859253,2.294619083404541,1.711652398109436,1.7190515995025635,0.4675,0.4425,False,False,9b4e137f66
2_d_hawkes,1,30,32,32,5e-05,1.956736971220178,"tensor(1.8913, device='cuda:0')","tensor(1.8820, device='cuda:0')",1.8954719305038452,2.285654306411743,1.7367231845855713,1.743959903717041,0.4025,0.4275,False,False,24ee4b193e
2_d_hawkes,50,30,16,16,5e-05,1.5925912268538698,"tensor(1.5832, device='cuda:0')","tensor(1.5874, device='cuda:0')",1.8693554401397705,2.2675764560699463,1.711158275604248,1.7174959182739258,0.525,0.55,False,False,1a48070fe7
2_d_hawkes,50,30,16,16,5e-05,1.5426060217730655,"tensor(1.5355, device='cuda:0')","tensor(1.5390, device='cuda:0')",1.866866946220398,2.262655258178711,1.686152696609497,1.6940953731536865,0.56,0.5275,False,False,86869590cc
2_d_hawkes,50,30,16,16,5e-05,1.5404511212403338,"tensor(1.5332, device='cuda:0')","tensor(1.5356, device='cuda:0')",1.8156794309616089,2.2166073322296143,1.6842443943023682,1.6907145977020264,0.62,0.58,False,False,d9f863c082
2_d_hawkes,50,30,16,16,0.0001,1.5338339806725538,"tensor(1.5267, device='cuda:0')","tensor(1.5288, device='cuda:0')",1.7975679636001587,2.2080941200256348,1.673818826675415,1.6803474426269531,0.6325,0.6075,False,False,66ac3be10b
2_d_hawkes,50,30,16,16,0.0001,1.5165631483256177,"tensor(1.5091, device='cuda:0')","tensor(1.5119, device='cuda:0')",1.7580004930496216,2.187596321105957,1.6427961587905884,1.6505130529403687,0.6175,0.5975,False,False,b227f3bbee
2_d_hawkes,50,30,32,32,0.0001,1.5129664959328544,"tensor(1.5052, device='cuda:0')","tensor(1.5089, device='cuda:0')",1.7564873695373535,2.183170795440674,1.6387248039245605,1.646649718284607,0.6325,0.5925,False,False,d85b40a217
2_d_hawkes,50,30,16,16,0.0001,1.5267335412547767,"tensor(1.5197, device='cuda:0')","tensor(1.5226, device='cuda:0')",1.818273663520813,2.2337729930877686,1.6641343832015991,1.6729034185409546,0.6375,0.6175,False,False,b75409532d
2_d_hawkes,50,30,16,16,0.0001,1.5421733307976475,"tensor(1.5375, device='cuda:0')","tensor(1.5390, device='cuda:0')",1.8803071975708008,2.271744728088379,1.6939561367034912,1.700776219367981,0.6325,0.615,True,False,1d4902261f
2_d_hawkes,50,30,16,16,0.0001,1.5224826232555706,"tensor(1.5148, device='cuda:0')","tensor(1.5185, device='cuda:0')",1.7783482074737549,2.1997904777526855,1.6525834798812866,1.6593579053878784,0.6325,0.6225,False,False,5c9709feb1
2_d_hawkes,50,30,16,16,0.001,1.5127878295750867,"tensor(1.5055, device='cuda:0')","tensor(1.5084, device='cuda:0')",1.7523777484893799,2.177032232284546,1.6342477798461914,1.6420751810073853,0.63,0.615,False,False,52b7fe1dcf
mimic,50,30,16,16,0.0001,2.6108963380659955,"tensor(2.6428, device='cuda:0')","tensor(2.6884, device='cuda:0')",0.9045453071594238,0.8007323145866394,0.9090736508369446,0.890408992767334,0.5,0.2,False,False,c77b0b1972
mimic,200,30,16,16,0.0001,2.068653504012975,"tensor(2.1337, device='cuda:0')","tensor(2.2692, device='cuda:0')",0.9021381139755249,0.7960939407348633,0.9077592492103577,0.8879220485687256,0.6206896551724138,0.36923076923076925,False,False,796d64f9aa
mimic,250,30,16,16,0.0001,1.9241358961063266,"tensor(2.0058, device='cuda:0')","tensor(2.1550, device='cuda:0')",0.9035007953643799,0.7930788397789001,0.9089393019676208,0.8878257870674133,0.6724137931034483,0.49230769230769234,False,False,b69e8e2600
2_d_hawkes,50,30,16,16,0.0001,1.515871125374628,"tensor(1.5085, device='cuda:0')","tensor(1.5114, device='cuda:0')",1.754034399986267,2.184124708175659,1.643244981765747,1.6510659456253052,0.63,0.595,False,False,5b50cef9ff
2_d_hawkes,50,30,8,8,0.0001,1.5210846171268366,"tensor(1.5137, device='cuda:0')","tensor(1.5171, device='cuda:0')",1.7629973888397217,2.195242404937744,1.6537902355194092,1.66214919090271,0.6375,0.6175,False,False,2c8228038f
2_d_hawkes,50,30,16,16,0.0001,1.5141951583662365,"tensor(1.5071, device='cuda:0')","tensor(1.5100, device='cuda:0')",1.7576310634613037,2.1828513145446777,1.6398018598556519,1.6475744247436523,0.6275,0.5925,False,False,53d84dca85
2_d_hawkes,50,30,32,32,0.0001,1.519401749083923,"tensor(1.5114, device='cuda:0')","tensor(1.5147, device='cuda:0')",1.7777844667434692,2.1905155181884766,1.6524502038955688,1.6600080728530884,0.625,0.595,False,False,d26c26f76f
2_d_hawkes,50,30,8,8,0.0001,1.5246817655989757,"tensor(1.5180, device='cuda:0')","tensor(1.5206, device='cuda:0')",1.804518699645996,2.2295687198638916,1.6569461822509766,1.6639589071273804,0.6375,0.6175,False,True,fc2ef8a314
2_d_hawkes,50,30,16,16,0.0001,1.5571571300551836,"tensor(1.5492, device='cuda:0')","tensor(1.5522, device='cuda:0')",1.8506146669387817,2.248785972595215,1.71648108959198,1.7228682041168213,0.6375,0.6175,False,True,20d3e3595e
2_d_hawkes,50,30,32,32,0.0001,1.5197523233661503,"tensor(1.5131, device='cuda:0')","tensor(1.5153, device='cuda:0')",1.7929309606552124,2.201497793197632,1.6510298252105713,1.65867018699646,0.6325,0.6025,False,True,27a365943a
2_d_hawkes,50,30,8,8,0.0001,1.5487497703861175,"tensor(1.5597, device='cuda:0')","tensor(1.5618, device='cuda:0')",1.8530348539352417,2.249793767929077,1.6970677375793457,1.7036768198013306,0.6375,0.6175,False,True,5149b6281e
2_d_hawkes,50,30,16,16,0.0001,1.5206433467438165,"tensor(1.5402, device='cuda:0')","tensor(1.5429, device='cuda:0')",1.810801386833191,2.2292959690093994,1.6504156589508057,1.6578965187072754,0.6375,0.6175,False,True,bff1bf7331
2_d_hawkes,50,30,32,32,0.0001,1.5193098706894264,"tensor(1.5443, device='cuda:0')","tensor(1.5476, device='cuda:0')",1.7888482809066772,2.212568521499634,1.6465296745300293,1.6547099351882935,0.6375,0.6175,False,True,6a2402a66f
2_d_hawkes,50,30,8,8,0.0001,1.5523761175371962,"tensor(1.5538, device='cuda:0')","tensor(1.5565, device='cuda:0')",1.8549147844314575,2.2549192905426025,1.7047511339187622,1.7107230424880981,0.6375,0.6175,False,True,e7c5b4e0d8
2_d_hawkes,50,30,16,16,0.0001,1.5471543765208031,"tensor(1.5551, device='cuda:0')","tensor(1.5572, device='cuda:0')",1.8702632188796997,2.266896963119507,1.7011526823043823,1.7078614234924316,0.6375,0.6175,False,True,6e2649bf33
2_d_hawkes,50,30,32,32,0.0001,1.5417521317516023,"tensor(1.5613, device='cuda:0')","tensor(1.5634, device='cuda:0')",1.8728675842285156,2.268439769744873,1.6929465532302856,1.699916958808899,0.635,0.6175,False,True,fcb41482d2
2_d_hawkes,50,30,8,8,0.0001,1.5523544966003593,"tensor(1.5468, device='cuda:0')","tensor(1.5496, device='cuda:0')",1.854533314704895,2.254411458969116,1.7049777507781982,1.710934042930603,0.6375,0.6175,False,True,f28e7972f1
2_d_hawkes,50,30,16,16,0.0001,1.5492545501644868,"tensor(1.5421, device='cuda:0')","tensor(1.5440, device='cuda:0')",1.8718706369400024,2.2683193683624268,1.7047333717346191,1.7112905979156494,0.6375,0.6175,False,True,e253c34710
2_d_hawkes,50,30,32,32,0.0001,1.5455700087542281,"tensor(1.5562, device='cuda:0')","tensor(1.5581, device='cuda:0')",1.8804841041564941,2.2751967906951904,1.699245810508728,1.706288456916809,0.6375,0.6175,False,True,fc675ce94c
2_d_hawkes,50,30,8,8,0.0001,1.5524324225463493,"tensor(1.5469, device='cuda:0')","tensor(1.5497, device='cuda:0')",1.854677677154541,2.25455904006958,1.705085277557373,1.7110198736190796,0.6375,0.6175,False,True,1011c7522a
2_d_hawkes,50,30,16,16,0.0001,1.5486187872816615,"tensor(1.5533, device='cuda:0')","tensor(1.5554, device='cuda:0')",1.864922285079956,2.2616400718688965,1.7021821737289429,1.7079129219055176,0.6375,0.6175,False,True,0e1067b374
2_d_hawkes,50,30,32,32,0.0001,1.5371258994558628,"tensor(1.5832, device='cuda:0')","tensor(1.5858, device='cuda:0')",1.857792615890503,2.258774995803833,1.6832654476165771,1.6910698413848877,0.6375,0.6175,False,True,7d596b7b22
2_d_hawkes,50,30,16,16,0.0001,1.5344086851724164,"tensor(1.5270, device='cuda:0')","tensor(1.5302, device='cuda:0')",1.7808008193969727,2.2178940773010254,1.6746021509170532,1.681990146636963,0.6375,0.6175,False,True,de10e99b16
2_d_hawkes,50,30,32,32,0.0001,1.5333921450701755,"tensor(1.5264, device='cuda:0')","tensor(1.5298, device='cuda:0')",1.7948291301727295,2.2300286293029785,1.6716809272766113,1.6794626712799072,0.6375,0.6175,False,True,92cb43773a
2_d_hawkes,50,30,16,16,0.0001,1.532970195855318,"tensor(1.5350, device='cuda:0')","tensor(1.5382, device='cuda:0')",1.790698528289795,2.2206523418426514,1.6719619035720825,1.6794160604476929,0.6375,0.6175,False,True,4dd3253071
2_d_hawkes,50,30,32,32,0.0001,1.5280696152440165,"tensor(1.5370, device='cuda:0')","tensor(1.5403, device='cuda:0')",1.8011120557785034,2.2283785343170166,1.662224292755127,1.6707881689071655,0.6375,0.6175,False,True,6423fe7520
2_d_hawkes,50,30,16,16,0.0001,1.5331249389148254,"tensor(1.5399, device='cuda:0')","tensor(1.5430, device='cuda:0')",1.7894409894943237,2.220398426055908,1.672050952911377,1.6794447898864746,0.6375,0.6175,False,True,8f05a31088
2_d_hawkes,50,30,32,32,0.0001,1.5297571977695,"tensor(1.5419, device='cuda:0')","tensor(1.5449, device='cuda:0')",1.8046998977661133,2.2222890853881836,1.6632109880447388,1.671534538269043,0.6375,0.6175,False,True,b064f06337
2_d_hawkes,50,30,16,16,0.0001,1.5345003760247098,"tensor(1.5272, device='cuda:0')","tensor(1.5304, device='cuda:0')",1.7909514904022217,2.2231698036193848,1.674217700958252,1.681689977645874,0.6375,0.6175,False,True,85403294b8
2_d_hawkes,50,30,32,32,0.0001,1.5329896362899507,"tensor(1.5261, device='cuda:0')","tensor(1.5296, device='cuda:0')",1.7949810028076172,2.2298896312713623,1.6708685159683228,1.678961992263794,0.6375,0.6175,False,True,c9eb1e39cb
2_d_hawkes,50,30,16,16,0.0001,1.5345003760247098,"tensor(1.5272, device='cuda:0')","tensor(1.5304, device='cuda:0')",1.7909514904022217,2.2231698036193848,1.674217700958252,1.681689977645874,0.6375,0.6175,False,True,e1cafcea1f
2_d_hawkes,50,30,32,32,0.0001,1.5330999958018203,"tensor(1.5262, device='cuda:0')","tensor(1.5297, device='cuda:0')",1.795155644416809,2.230273485183716,1.6712005138397217,1.679289698600769,0.6375,0.6175,False,True,6d443799d8
2_d_hawkes,50,30,16,16,0.0001,1.5345003760247098,"tensor(1.5272, device='cuda:0')","tensor(1.5304, device='cuda:0')",1.7909514904022217,2.2231698036193848,1.674217700958252,1.681689977645874,0.6375,0.6175,False,True,354eb8a670
2_d_hawkes,50,30,32,32,0.0001,1.5331486945486277,"tensor(1.5263, device='cuda:0')","tensor(1.5297, device='cuda:0')",1.795398473739624,2.230546474456787,1.6714457273483276,1.6795073747634888,0.6375,0.6175,False,True,d8625cecca
2_d_hawkes,50,30,16,16,0.0001,1.5332611896217125,"tensor(1.5428, device='cuda:0')","tensor(1.5460, device='cuda:0')",1.7907224893569946,2.220771551132202,1.6720446348190308,1.679457664489746,0.6375,0.6175,False,True,3ea69c42de
2_d_hawkes,50,30,16,16,0.0001,1.5345666242276235,"tensor(1.5272, device='cuda:0')","tensor(1.5304, device='cuda:0')",1.790785312652588,2.223139524459839,1.6741842031478882,1.6816604137420654,0.6375,0.6175,False,True,9a91e81617
2_d_hawkes,50,30,16,16,0.0001,1.5346035769556217,"tensor(1.5272, device='cuda:0')","tensor(1.5305, device='cuda:0')",1.7908458709716797,2.223200798034668,1.6742193698883057,1.6816914081573486,0.6375,0.6175,False,True,afaa2e82a1
2_d_hawkes,50,30,16,16,0.0001,1.5355346997947483,"tensor(1.6310, device='cuda:0')","tensor(1.6332, device='cuda:0')",1.7922453880310059,2.2180166244506836,1.6720448732376099,1.679450511932373,0.6375,0.6175,False,True,45af465960
2_d_hawkes,50,30,16,16,0.0001,1.537072568330215,"tensor(1.6153, device='cuda:0')","tensor(1.6175, device='cuda:0')",1.7923529148101807,2.2193753719329834,1.6742240190505981,1.6815922260284424,0.6375,0.6175,False,True,f4e7167b66
2_d_hawkes,50,30,16,16,0.0001,1.537112474199724,"tensor(1.6155, device='cuda:0')","tensor(1.6176, device='cuda:0')",1.7922563552856445,2.219339370727539,1.6741966009140015,1.6815688610076904,0.6375,0.6175,False,True,c8f6456c96
2_d_hawkes,50,30,16,16,0.0001,1.5370663085690324,"tensor(1.6534, device='cuda:0')","tensor(1.6548, device='cuda:0')",1.8034381866455078,2.2167153358459473,1.6731510162353516,1.6799200773239136,0.6375,0.6175,False,True,8742c8d563
2_d_hawkes,50,30,16,16,0.0001,1.549238580556985,"tensor(1.5497, device='cuda:0')","tensor(1.5518, device='cuda:0')",1.8640331029891968,2.2564187049865723,1.702346920967102,1.7080936431884766,0.6375,0.6175,False,True,c027780355
2_d_hawkes,50,30,32,32,0.0001,1.535712363622767,"tensor(1.6207, device='cuda:0')","tensor(1.6230, device='cuda:0')",1.8393254280090332,2.240708351135254,1.669187068939209,1.6767208576202393,0.6375,0.6175,False,True,f0614010c7
2_d_hawkes,50,30,16,16,0.0001,1.5376791913030863,"tensor(1.6138, device='cuda:0')","tensor(1.6166, device='cuda:0')",1.8412797451019287,2.2282018661499023,1.6758605241775513,1.6831579208374023,0.6375,0.6175,False,True,1e2fa06e95
2_d_hawkes,50,30,16,16,0.0001,1.5444323535515605,"tensor(1.5845, device='cuda:0')","tensor(1.5872, device='cuda:0')",1.8551344871520996,2.2544612884521484,1.6936508417129517,1.7001104354858398,0.6375,0.6175,False,True,2dfec8dfb4
2_d_hawkes,25,30,16,16,0.0,1.9449593433394192,"tensor(1.9511, device='cuda:0')","tensor(1.9404, device='cuda:0')",2.101511240005493,2.4689037799835205,1.914689540863037,1.9197618961334229,0.3625,0.3825,False,True,0e430e1bf4
2_d_hawkes,25,30,32,32,0.0,1.599425909463184,"tensor(1.6056, device='cuda:0')","tensor(1.6113, device='cuda:0')",1.9108479022979736,2.302516222000122,1.7640888690948486,1.7702680826187134,0.6375,0.6175,False,True,7e77b719ac
2_d_hawkes,25,30,16,16,5e-05,1.5521632433087431,"tensor(1.5526, device='cuda:0')","tensor(1.5552, device='cuda:0')",1.8532508611679077,2.250047206878662,1.7030540704727173,1.7091447114944458,0.6375,0.6175,False,True,f36ea614c9
2_d_hawkes,25,30,32,32,5e-05,1.5457919135286702,"tensor(1.5637, device='cuda:0')","tensor(1.5663, device='cuda:0')",1.857128620147705,2.254202127456665,1.6871923208236694,1.6933492422103882,0.6375,0.6175,False,True,d1b91438f5
2_d_hawkes,25,30,16,16,0.0001,1.5507985574661667,"tensor(1.5543, device='cuda:0')","tensor(1.5568, device='cuda:0')",1.853615164756775,2.2503678798675537,1.700247883796692,1.7063382863998413,0.6375,0.6175,False,True,7669c600ae
2_d_hawkes,25,30,32,32,0.0001,1.5382075400373045,"tensor(1.5949, device='cuda:0')","tensor(1.5976, device='cuda:0')",1.8469680547714233,2.246518850326538,1.6727873086929321,1.6804925203323364,0.6375,0.6175,False,True,9951faa411
2_d_hawkes,25,30,16,16,5e-05,1.5522335266938965,"tensor(1.5535, device='cuda:0')","tensor(1.5561, device='cuda:0')",1.853287696838379,2.250129222869873,1.703148603439331,1.7092458009719849,0.6375,0.6175,False,True,785b8d5974
2_d_hawkes,25,30,32,32,5e-05,1.5462161797971974,"tensor(1.5686, device='cuda:0')","tensor(1.5711, device='cuda:0')",1.8577353954315186,2.254831552505493,1.687848687171936,1.6939905881881714,0.6375,0.6175,False,True,4a9849931a
2_d_hawkes,25,30,16,16,0.0001,1.5508215758949038,"tensor(1.5552, device='cuda:0')","tensor(1.5577, device='cuda:0')",1.8534899950027466,2.250270128250122,1.7002910375595093,1.7064244747161865,0.6375,0.6175,False,True,14d3073987
2_d_hawkes,25,30,32,32,0.0001,1.5387233260366684,"tensor(1.6043, device='cuda:0')","tensor(1.6069, device='cuda:0')",1.8477412462234497,2.2469122409820557,1.6732367277145386,1.6808542013168335,0.6375,0.6175,False,True,b811704605
2_d_hawkes,25,30,24,24,5e-05,1.5713027409813254,"tensor(1.5875, device='cuda:0')","tensor(1.5889, device='cuda:0')",1.8571847677230835,2.2529385089874268,1.6839079856872559,1.690069556236267,0.5675,0.5475,False,False,e7b0ce8f96
2_d_hawkes,25,30,24,24,0.0001,1.532755071984678,"tensor(1.5782, device='cuda:0')","tensor(1.5798, device='cuda:0')",1.831053614616394,2.2195513248443604,1.6647695302963257,1.6711481809616089,0.575,0.5925,False,False,34a2380f97
2_d_hawkes,50,30,24,24,5e-05,1.5307239000437185,"tensor(1.5777, device='cuda:0')","tensor(1.5794, device='cuda:0')",1.8339744806289673,2.2245066165924072,1.6656571626663208,1.672020673751831,0.585,0.6,False,False,ff5fe43030
2_d_hawkes,50,30,24,24,0.0001,1.5187080866510938,"tensor(1.6076, device='cuda:0')","tensor(1.6103, device='cuda:0')",1.787529706954956,2.2024495601654053,1.6467220783233643,1.6546690464019775,0.6325,0.6175,False,False,48f4f0838d
2_d_hawkes,50,30,10,10,5e-05,1.5480555150779367,"tensor(1.5704, device='cuda:0')","tensor(1.5731, device='cuda:0')",1.8150511980056763,2.2225053310394287,1.6835206747055054,1.6910450458526611,0.555,0.5575,False,False,300bf4a8af
2_d_hawkes,50,30,20,20,5e-05,1.5363554492940088,"tensor(1.5662, device='cuda:0')","tensor(1.5685, device='cuda:0')",1.8450615406036377,2.2457408905029297,1.67433762550354,1.6817512512207031,0.6025,0.6075,False,False,a3b48fd41e
2_d_hawkes,50,30,24,24,5e-05,1.5307239000437185,"tensor(1.5777, device='cuda:0')","tensor(1.5794, device='cuda:0')",1.8339744806289673,2.2245066165924072,1.6656571626663208,1.672020673751831,0.585,0.6,False,False,359b355116
2_d_hawkes,50,30,30,30,5e-05,1.5302551542958276,"tensor(1.5869, device='cuda:0')","tensor(1.5897, device='cuda:0')",1.836600422859192,2.2312397956848145,1.6651866436004639,1.6728006601333618,0.62,0.5825,False,False,39b88e89aa
2_d_hawkes,50,30,30,30,5e-05,1.5230159310550473,"tensor(1.5996, device='cuda:0')","tensor(1.6034, device='cuda:0')",1.795034646987915,2.205526113510132,1.6489038467407227,1.658086895942688,0.625,0.6225,False,False,ef20928804
2_d_hawkes,50,30,30,30,5e-05,1.5230159310550473,"tensor(1.5996, device='cuda:0')","tensor(1.6034, device='cuda:0')",1.795034646987915,2.205526113510132,1.6489038467407227,1.658086895942688,0.625,0.6225,False,False,cd1e76e834
2_d_hawkes,50,30,30,30,5e-05,1.5236837221706039,"tensor(1.6195, device='cuda:0')","tensor(1.6231, device='cuda:0')",1.7959100008010864,2.2052321434020996,1.648853063583374,1.6579521894454956,0.625,0.6225,False,False,d0f4854d2c
2_d_hawkes,25,30,32,32,5e-05,1.5638936892010649,"tensor(1.5843, device='cuda:0')","tensor(1.5874, device='cuda:0')",1.8380768299102783,2.237198829650879,1.6751012802124023,1.6819125413894653,0.4875,0.5225,False,False,8d930be8aa
2_d_hawkes,25,30,32,32,0.0001,1.531639841471146,"tensor(1.5831, device='cuda:0')","tensor(1.5852, device='cuda:0')",1.829699993133545,2.2359230518341064,1.6649912595748901,1.6723628044128418,0.575,0.615,False,False,c271b8c3fc
2_d_hawkes,50,30,16,16,0.0001,1.5334037078680305,"tensor(1.5977, device='cuda:0')","tensor(1.5989, device='cuda:0')",1.826865792274475,2.22155499458313,1.6698250770568848,1.6776206493377686,0.63,0.6025,False,False,39e2d2d181
2_d_hawkes,50,30,16,16,0.0001,1.5334850095736752,"tensor(1.6040, device='cuda:0')","tensor(1.6052, device='cuda:0')",1.8259656429290771,2.2201499938964844,1.669278621673584,1.6772100925445557,0.6325,0.5975,False,False,7486f73d31
2_d_hawkes,50,30,16,16,0.0001,1.5330816209871707,"tensor(1.5847, device='cuda:0')","tensor(1.5865, device='cuda:0')",1.829147458076477,2.225450277328491,1.67117440700531,1.6788781881332397,0.6325,0.6025,False,False,6e9d6c6b1d
2_d_hawkes,50,30,16,16,0.0001,1.5334669372464498,"tensor(1.6073, device='cuda:0')","tensor(1.6084, device='cuda:0')",1.8251562118530273,2.219006061553955,1.6686745882034302,1.6766360998153687,0.63,0.5975,False,False,d5e91a4065
2_d_hawkes,50,30,16,16,0.0001,1.5264480104112645,"tensor(1.5517, device='cuda:0')","tensor(1.5543, device='cuda:0')",1.816430926322937,2.2186667919158936,1.6675723791122437,1.6755059957504272,0.6375,0.5825,False,False,8b35ad7b86
2_d_hawkes,50,30,32,16,0.0001,1.5213392709183293,"tensor(1.5528, device='cuda:0')","tensor(1.5565, device='cuda:0')",1.7971655130386353,2.216442823410034,1.653932809829712,1.663077712059021,0.615,0.5825,False,False,d8183e9f45
2_d_hawkes,50,30,16,16,5e-05,1.540569373081227,"tensor(1.5808, device='cuda:0')","tensor(1.5825, device='cuda:0')",1.81290602684021,2.220625877380371,1.673152208328247,1.6811741590499878,0.6175,0.5725,False,False,dc2913f5e3
2_d_hawkes,50,30,16,16,0.0001,1.5324981478090036,"tensor(1.6125, device='cuda:0')","tensor(1.6142, device='cuda:0')",1.8217153549194336,2.2212777137756348,1.671285629272461,1.679495930671692,0.6375,0.6,False,False,f971981b8d
2_d_hawkes,50,30,16,16,0.0001,1.5324981478090036,"tensor(1.6125, device='cuda:0')","tensor(1.6142, device='cuda:0')",1.8217153549194336,2.2212777137756348,1.671285629272461,1.679495930671692,0.6375,0.6,False,False,3e6f89a900
2_d_hawkes,50,30,16,16,5e-05,1.5503114628311196,"tensor(1.6187, device='cuda:0')","tensor(1.6203, device='cuda:0')",1.819484829902649,2.2301747798919678,1.6810022592544556,1.6893699169158936,0.6125,0.55,False,False,f10314d449
2_d_hawkes,50,30,16,16,5e-05,1.5503114628311196,"tensor(1.6187, device='cuda:0')","tensor(1.6203, device='cuda:0')",1.819484829902649,2.2301747798919678,1.6810022592544556,1.6893699169158936,0.6125,0.55,False,False,eb20818513
2_d_hawkes,50,30,16,16,0.0001,1.532608488307378,"tensor(1.5905, device='cuda:0')","tensor(1.5924, device='cuda:0')",1.8223344087600708,2.2289836406707764,1.673177719116211,1.6813560724258423,0.6325,0.605,False,False,f66a665109
2_d_hawkes,50,30,32,32,0.0001,1.5205481116031605,"tensor(1.6161, device='cuda:0')","tensor(1.6201, device='cuda:0')",1.809775471687317,2.224599838256836,1.654706358909607,1.663314938545227,0.6275,0.58,False,False,c82e8b8a57
2_d_hawkes,50,30,16,16,5e-05,1.5513426269039492,"tensor(1.6025, device='cuda:0')","tensor(1.6043, device='cuda:0')",1.82334566116333,2.233936309814453,1.6829516887664795,1.691378116607666,0.6125,0.5525,False,False,8989d03f59
2_d_hawkes,50,30,16,16,0.0001,1.532608488307378,"tensor(1.5905, device='cuda:0')","tensor(1.5924, device='cuda:0')",1.8223344087600708,2.2289836406707764,1.673177719116211,1.6813560724258423,0.6325,0.605,False,False,587de35b32
2_d_hawkes,50,30,32,32,0.0001,1.5205481116031605,"tensor(1.6161, device='cuda:0')","tensor(1.6201, device='cuda:0')",1.809775471687317,2.224599838256836,1.654706358909607,1.663314938545227,0.6275,0.58,False,False,3ef1f645fa
2_d_hawkes,50,30,16,16,0.0001,1.5322905048844908,"tensor(1.6068, device='cuda:0')","tensor(1.6084, device='cuda:0')",1.8221585750579834,2.221853733062744,1.671320915222168,1.67955482006073,0.6325,0.5975,False,False,02960f3e72
2_d_hawkes,50,30,16,16,0.0001,1.5323252676035375,"tensor(1.5802, device='cuda:0')","tensor(1.5821, device='cuda:0')",1.8226815462112427,2.22920823097229,1.6732312440872192,1.6814219951629639,0.635,0.6025,False,False,a06b8a735f
2_d_hawkes,50,30,32,32,0.0001,1.5195020357645643,"tensor(1.5873, device='cuda:0')","tensor(1.5912, device='cuda:0')",1.8090195655822754,2.2221522331237793,1.6548691987991333,1.6635125875473022,0.6225,0.5825,False,False,6527b5ea18
2_d_hawkes,50,30,64,64,0.0001,1.5178289838706929,"tensor(1.5786, device='cuda:0')","tensor(1.5821, device='cuda:0')",1.8163832426071167,2.228309154510498,1.6520562171936035,1.6609817743301392,0.6025,0.5875,False,False,79d6026a1d
2_d_hawkes,50,30,16,16,0.0001,1.5323368952201262,"tensor(1.5806, device='cuda:0')","tensor(1.5824, device='cuda:0')",1.8227858543395996,2.2292866706848145,1.673195719718933,1.681398868560791,0.635,0.6025,False,False,8c5ae42569
2_d_hawkes,50,30,32,32,0.0001,1.519090993381976,"tensor(1.5856, device='cuda:0')","tensor(1.5894, device='cuda:0')",1.8083610534667969,2.218661069869995,1.6539372205734253,1.662631869316101,0.6225,0.5875,False,False,1eff2e920b
mimic,500,30,32,32,0.0001,0.8272635693303005,"tensor(1.1014, device='cuda:0')","tensor(1.1607, device='cuda:0')",0.9228375554084778,0.7826005220413208,0.9182515740394592,0.8338754773139954,0.896551724137931,0.9076923076923077,True,False,9099488982
2_d_hawkes,50,30,16,16,0.0001,1.5294707006947297,"tensor(1.5638, device='cuda:0')","tensor(1.5660, device='cuda:0')",1.8240348100662231,2.223207473754883,1.66724693775177,1.675872802734375,0.64,0.6075,False,False,fb35205246
2_d_hawkes,50,30,16,16,0.0001,1.5294707006947297,"tensor(1.5638, device='cuda:0')","tensor(1.5660, device='cuda:0')",1.8240348100662231,2.223207473754883,1.66724693775177,1.675872802734375,0.64,0.6075,False,False,57ef0d3adc
2_d_hawkes,50,30,16,16,0.0001,1.5205559382492009,"tensor(1.5439, device='cuda:0')","tensor(1.5464, device='cuda:0')",1.758046269416809,2.1805319786071777,1.646620750427246,1.6541107892990112,0.6225,0.5875,False,False,04571a21fa
2_d_hawkes,50,30,16,16,0.0001,1.520228951072068,"tensor(1.5435, device='cuda:0')","tensor(1.5461, device='cuda:0')",1.7573976516723633,2.1803221702575684,1.6461358070373535,1.6536482572555542,0.625,0.5875,False,False,834ec18dc9
2_d_hawkes,50,30,16,16,0.0001,1.521092568224846,"tensor(1.5452, device='cuda:0')","tensor(1.5478, device='cuda:0')",1.7595430612564087,2.181288242340088,1.647692084312439,1.655134677886963,0.6225,0.5825,False,False,5ba066a835
2_d_hawkes,50,30,32,32,0.0001,1.5181131759912903,"tensor(1.5471, device='cuda:0')","tensor(1.5503, device='cuda:0')",1.766843557357788,2.1947882175445557,1.645811676979065,1.6529167890548706,0.625,0.6,False,False,10e699dc12
2_d_hawkes,50,30,32,32,0.0001,1.5179876756874615,"tensor(1.5481, device='cuda:0')","tensor(1.5513, device='cuda:0')",1.766168475151062,2.1943488121032715,1.645116925239563,1.6522338390350342,0.625,0.6,False,False,fc6a7abbf5
2_d_hawkes,50,30,32,32,0.0001,1.5183446531963358,"tensor(1.5458, device='cuda:0')","tensor(1.5490, device='cuda:0')",1.7674262523651123,2.1951093673706055,1.6464042663574219,1.6534870862960815,0.625,0.5975,False,False,37bb4774b3
2_d_hawkes,50,30,16,16,0.0001,1.5221670173838382,"tensor(1.6031, device='cuda:0')","tensor(1.6055, device='cuda:0')",1.7581238746643066,2.18074893951416,1.6468231678009033,1.654312014579773,0.6225,0.585,False,False,b39f9c0f6e
2_d_hawkes,50,30,16,16,0.0001,1.5218726331655426,"tensor(1.6041, device='cuda:0')","tensor(1.6065, device='cuda:0')",1.757279872894287,2.1803581714630127,1.6462076902389526,1.6537197828292847,0.625,0.5875,False,False,153b48db84
2_d_hawkes,50,30,16,16,0.0001,1.5226243161433453,"tensor(1.6016, device='cuda:0')","tensor(1.6041, device='cuda:0')",1.759426474571228,2.1813714504241943,1.647762417793274,1.6552096605300903,0.6225,0.5775,False,False,b7a9461e2b
2_d_hawkes,50,30,16,16,5e-05,1.5301870617838758,"tensor(1.6116, device='cuda:0')","tensor(1.6141, device='cuda:0')",1.7758088111877441,2.1882424354553223,1.659929633140564,1.6670284271240234,0.6125,0.5875,False,False,6e1382e5db
2_d_hawkes,50,30,16,16,5e-05,1.5302755834322128,"tensor(1.6131, device='cuda:0')","tensor(1.6156, device='cuda:0')",1.7757196426391602,2.188126564025879,1.6600669622421265,1.6671735048294067,0.6125,0.59,False,False,ea70bef999
2_d_hawkes,50,30,16,16,5e-05,1.5301249654369227,"tensor(1.6092, device='cuda:0')","tensor(1.6118, device='cuda:0')",1.7759369611740112,2.1884195804595947,1.6598140001296997,1.6668990850448608,0.6125,0.5825,False,False,c7fef5468c
2_d_hawkes,50,30,16,16,5e-05,1.537621640909995,"tensor(1.5712, device='cuda:0')","tensor(1.5743, device='cuda:0')",1.7761949300765991,2.194323778152466,1.6648759841918945,1.6721088886260986,0.605,0.6,False,False,7a08fdb356
2_d_hawkes,50,30,32,32,5e-05,1.5282494734022358,"tensor(1.5604, device='cuda:0')","tensor(1.5637, device='cuda:0')",1.7721436023712158,2.2068934440612793,1.656163215637207,1.663501501083374,0.6025,0.5925,False,False,7d12e2410c
2_d_hawkes,50,30,16,16,1e-05,1.6190777007017543,"tensor(1.6086, device='cuda:0')","tensor(1.6119, device='cuda:0')",1.8209457397460938,2.22043776512146,1.6887469291687012,1.6944334506988525,0.57,0.545,False,False,e77156ba3b
2_d_hawkes,50,30,16,16,5e-05,1.5266280889531787,"tensor(1.5191, device='cuda:0')","tensor(1.5222, device='cuda:0')",1.7700482606887817,2.197108268737793,1.6606366634368896,1.668144702911377,0.605,0.6,False,False,b8b1f35631
2_d_hawkes,50,30,16,16,5e-05,1.5265271298862055,"tensor(1.5171, device='cuda:0')","tensor(1.5202, device='cuda:0')",1.770026683807373,2.197106122970581,1.6605790853500366,1.6680855751037598,0.605,0.6,False,False,2a19e9b853
2_d_hawkes,50,30,16,16,0.0001,1.5165104835365533,"tensor(1.5063, device='cuda:0')","tensor(1.5090, device='cuda:0')",1.7615864276885986,2.189380407333374,1.6452585458755493,1.6524142026901245,0.615,0.6025,False,False,e0120be7e3
2_d_hawkes,50,30,16,16,5e-05,1.5280864508298015,"tensor(1.5610, device='cuda:0')","tensor(1.5638, device='cuda:0')",1.7714096307754517,2.1994402408599854,1.6611593961715698,1.6686646938323975,0.6125,0.6,False,False,eba0893fb2
2_d_hawkes,50,30,16,16,0.0001,1.518312507425634,"tensor(1.5615, device='cuda:0')","tensor(1.5638, device='cuda:0')",1.763821005821228,2.188405752182007,1.6476027965545654,1.6549193859100342,0.63,0.6,False,False,d34073a286
2_d_hawkes,50,30,16,16,5e-05,1.5286675231220697,"tensor(1.5703, device='cuda:0')","tensor(1.5730, device='cuda:0')",1.7740782499313354,2.201836109161377,1.66208016872406,1.6695882081985474,0.61,0.595,False,False,3d02e33966
2_d_hawkes,50,30,16,16,0.0001,1.5190834190968725,"tensor(1.5821, device='cuda:0')","tensor(1.5843, device='cuda:0')",1.7657051086425781,2.1896708011627197,1.648768424987793,1.6561387777328491,0.6375,0.6025,False,False,f89b7bc498
2_d_hawkes,50,30,32,32,5e-05,1.5338608960035651,"tensor(1.5748, device='cuda:0')","tensor(1.5772, device='cuda:0')",1.78587806224823,2.2131075859069824,1.6678736209869385,1.6749534606933594,0.625,0.5825,False,False,9f89474431
2_d_hawkes,50,30,32,32,0.0001,1.517134182356649,"tensor(1.5362, device='cuda:0')","tensor(1.5387, device='cuda:0')",1.7800599336624146,2.2084317207336426,1.6545054912567139,1.661600112915039,0.63,0.5975,False,False,867910be6e
2_d_hawkes,50,30,16,16,5e-05,1.5301350002411602,"tensor(1.5212, device='cuda:0')","tensor(1.5242, device='cuda:0')",1.7821239233016968,2.203700542449951,1.6657074689865112,1.6733545064926147,0.605,0.5975,False,False,debd513b44
2_d_hawkes,50,30,16,16,0.0001,1.5235289600976014,"tensor(1.5144, device='cuda:0')","tensor(1.5169, device='cuda:0')",1.786087155342102,2.1999664306640625,1.6590766906738281,1.6662813425064087,0.6475,0.6225,False,False,c65063ce4b
2_d_hawkes,50,30,32,32,5e-05,1.5334296180765434,"tensor(1.5262, device='cuda:0')","tensor(1.5290, device='cuda:0')",1.7890069484710693,2.2188503742218018,1.668656349182129,1.6757590770721436,0.635,0.5775,False,False,ef70351152
2_d_hawkes,50,30,32,32,0.0001,1.521497615306685,"tensor(1.5130, device='cuda:0')","tensor(1.5155, device='cuda:0')",1.7989299297332764,2.2138407230377197,1.6615979671478271,1.6684770584106445,0.64,0.58,False,False,9aee73cd24
2_d_hawkes,50,30,16,16,5e-05,1.530715510771069,"tensor(1.5386, device='cuda:0')","tensor(1.5403, device='cuda:0')",1.8191267251968384,2.2043747901916504,1.6671137809753418,1.6733859777450562,0.63,0.595,False,False,e34ac11dfd
2_d_hawkes,50,30,16,16,0.0001,1.5199250436854066,"tensor(1.5511, device='cuda:0')","tensor(1.5535, device='cuda:0')",1.784683346748352,2.1972689628601074,1.650509238243103,1.6580336093902588,0.6425,0.6175,False,False,f2218cd232
2_d_hawkes,50,30,32,32,5e-05,1.5282539467591159,"tensor(1.5758, device='cuda:0')","tensor(1.5779, device='cuda:0')",1.7884933948516846,2.214108943939209,1.6585663557052612,1.6661086082458496,0.615,0.5775,False,False,c0db575697
2_d_hawkes,50,30,32,32,0.0001,1.5164060925336895,"tensor(1.5600, device='cuda:0')","tensor(1.5625, device='cuda:0')",1.7834943532943726,2.2038967609405518,1.6515576839447021,1.6593339443206787,0.6275,0.6025,False,False,e1d1f32f74
